CREATE TABLE Curso (
    Codigo VARCHAR(10) PRIMARY KEY,
    Nombre VARCHAR(255) NOT NULL
);
CREATE TABLE Seccion (
    Letra CHAR(1) PRIMARY KEY
);
create table public."CursoSeccion" (
  "ID" SERIAL primary key,
  "Codigo_Curso" VARCHAR(10) not null
                      references public."Curso"("Codigo"),
  "Letra_Seccion" CHAR(1) not null
                      references public."Seccion"("Letra"),
  "Relativo" VARCHAR(10) not null,
  constraint uniq_curseseccion_curso_seccion_ciclo
    unique ("Codigo_Curso",
"Letra_Seccion",
"Relativo")
);


INSERT INTO Seccion (Letra) VALUES ('U');
INSERT INTO Seccion (Letra) VALUES ('V');
INSERT INTO Seccion (Letra) VALUES ('W');
INSERT INTO Seccion (Letra) VALUES ('X');
INSERT INTO Seccion (Letra) VALUES ('Y');
INSERT INTO Seccion (Letra) VALUES ('Z');
INSERT INTO Seccion (Letra) VALUES ('A');
INSERT INTO Seccion (Letra) VALUES ('B');
INSERT INTO Seccion (Letra) VALUES ('C');
INSERT INTO Seccion (Letra) VALUES ('D');

INSERT INTO Curso (Codigo, Nombre) VALUES ('BEF01', 'ETICA Y FILOSOFIA POLITICA');
INSERT INTO Curso (Codigo, Nombre) VALUES ('BEG01', 'ECONOMIA GENERAL');
INSERT INTO Curso (Codigo, Nombre) VALUES ('BFI01', 'FISICA I');
INSERT INTO Curso (Codigo, Nombre) VALUES ('BIC01', 'INTRODUCCION A LA COMPUTACION');
INSERT INTO Curso (Codigo, Nombre) VALUES ('BMA01', 'CALCULO DIFERENCIAL');
INSERT INTO Curso (Codigo, Nombre) VALUES ('BMA02', 'CALCULO INTEGRAL');
INSERT INTO Curso (Codigo, Nombre) VALUES ('BMA03', 'ALGEBRA LINEAL');
INSERT INTO Curso (Codigo, Nombre) VALUES ('BQU01', 'QUIMICA I');
INSERT INTO Curso (Codigo, Nombre) VALUES ('BRC01', 'REDACCION Y COMUNICACION');
INSERT INTO Curso (Codigo, Nombre) VALUES ('BRN01', 'REALIDAD NACIONAL, CONSTITUCION Y DERECHOS HUMANOS');
INSERT INTO Curso (Codigo, Nombre) VALUES ('FB101', 'GEOMETRIA ANALITICA');
INSERT INTO Curso (Codigo, Nombre) VALUES ('FB202', 'QUIMICA II');
INSERT INTO Curso (Codigo, Nombre) VALUES ('FB301', 'MATEMATICA DISCRETA');
INSERT INTO Curso (Codigo, Nombre) VALUES ('FB303', 'CALCULO MULTIVARIABLE');
INSERT INTO Curso (Codigo, Nombre) VALUES ('FB305', 'ESTADISTICA Y PROBABILIDADES');
INSERT INTO Curso (Codigo, Nombre) VALUES ('FB401', 'FISICA II');
INSERT INTO Curso (Codigo, Nombre) VALUES ('FB402', 'CALCULO NUMERICO');
INSERT INTO Curso (Codigo, Nombre) VALUES ('FB403', 'ECUACIONES DIFERENCIALES');
INSERT INTO Curso (Codigo, Nombre) VALUES ('FB405', 'ESTADISTICA APLICADA');
INSERT INTO Curso (Codigo, Nombre) VALUES ('FB501', 'MATEMATICA APLICADA');
INSERT INTO Curso (Codigo, Nombre) VALUES ('GE003', 'TALLER DE PROYECTO DE INVESTIGACION');
INSERT INTO Curso (Codigo, Nombre) VALUES ('GE004', 'TALLER DE INVESTIGACION');
INSERT INTO Curso (Codigo, Nombre) VALUES ('GE101', 'INTRODUCCION A LA INGENIERIA INDUSTRIAL');
INSERT INTO Curso (Codigo, Nombre) VALUES ('GE112', 'TEORIA DE JUEGOS Y LA NEGOCIACION');
INSERT INTO Curso (Codigo, Nombre) VALUES ('GE113', 'TALLER DE CONSULTORIA DE EMPRESAS');
INSERT INTO Curso (Codigo, Nombre) VALUES ('GE122', 'SISTEMA DE COSTOS');
INSERT INTO Curso (Codigo, Nombre) VALUES ('GE124', 'COMERCIO INTERNACIONAL');
INSERT INTO Curso (Codigo, Nombre) VALUES ('GE128', 'DIAGNOSTICO DE EMPRESAS');
INSERT INTO Curso (Codigo, Nombre) VALUES ('GE501', 'TEORIA ORGANIZACIONAL');
INSERT INTO Curso (Codigo, Nombre) VALUES ('GE502', 'INGENIERIA DEL TRABAJO I');
INSERT INTO Curso (Codigo, Nombre) VALUES ('GE602', 'CONTABILIDAD FINANCIERA');
INSERT INTO Curso (Codigo, Nombre) VALUES ('GE603', 'INGENIERIA DEL TRABAJO II');
INSERT INTO Curso (Codigo, Nombre) VALUES ('GE604', 'ADMINISTRACION Y ORGANIZACION');
INSERT INTO Curso (Codigo, Nombre) VALUES ('GE605', 'SISTEMA Y GESTION FINANCIERA');
INSERT INTO Curso (Codigo, Nombre) VALUES ('GE701', 'LOGISTICA EMPRESARIAL');
INSERT INTO Curso (Codigo, Nombre) VALUES ('GE702', 'INGENIERIA ECONOMICA');
INSERT INTO Curso (Codigo, Nombre) VALUES ('GE703', 'SISTEMAS INTEGRADOS EMPRESARIALES');
INSERT INTO Curso (Codigo, Nombre) VALUES ('GE704', 'CONTABILIDAD DE COSTOS Y PRESUPUESTOS');
INSERT INTO Curso (Codigo, Nombre) VALUES ('GE709', 'SISTEMAS DE CALIDAD');
INSERT INTO Curso (Codigo, Nombre) VALUES ('GE801', 'PLANEAMIENTO Y GESTION ESTRATEGICA');
INSERT INTO Curso (Codigo, Nombre) VALUES ('GE802', 'GESTION DE LA CADENA DE SUMINISTRO');
INSERT INTO Curso (Codigo, Nombre) VALUES ('GE803', 'SISTEMAS ANALITICOS');
INSERT INTO Curso (Codigo, Nombre) VALUES ('GE805', 'MERCADOTECNIA');
INSERT INTO Curso (Codigo, Nombre) VALUES ('GE901', 'INNOVACION Y EMPRENDIMIENTO DE NEGOCIOS');
INSERT INTO Curso (Codigo, Nombre) VALUES ('GE902', 'DISEÑO Y EVALUACION DE PROYECTOS');
INSERT INTO Curso (Codigo, Nombre) VALUES ('GE903', 'GESTION DEL TALENTO HUMANO');
INSERT INTO Curso (Codigo, Nombre) VALUES ('GE905', 'PLANEAMIENTO Y CONTROL DE OPERACIONES');
INSERT INTO Curso (Codigo, Nombre) VALUES ('GE906', 'GESTION FINANCIERA');
INSERT INTO Curso (Codigo, Nombre) VALUES ('GP514', 'COMERCIO INTERNACIONAL');
INSERT INTO Curso (Codigo, Nombre) VALUES ('GP525', 'DISEÑO Y EVALUACION DE PROYECTOS');
INSERT INTO Curso (Codigo, Nombre) VALUES ('GP545', 'PROYECTO DE TESIS EN INGENIERIA INDUSTRIAL II');
INSERT INTO Curso (Codigo, Nombre) VALUES ('GP575', 'DIAGNOSTICO EMPRESARIAL');
INSERT INTO Curso (Codigo, Nombre) VALUES ('HS144', 'COMPORTAMIENTO ORGANIZACIONAL');
INSERT INTO Curso (Codigo, Nombre) VALUES ('HU102', 'DESARROLLO PERSONAL');
INSERT INTO Curso (Codigo, Nombre) VALUES ('HU111', 'LEGISLACION EMPRESARIAL Y TRIBUTARIA');
INSERT INTO Curso (Codigo, Nombre) VALUES ('HU112', 'COMPORTAMIENTO ORGANIZACIONAL');
INSERT INTO Curso (Codigo, Nombre) VALUES ('HU201', 'SOCIOLOGIA');
INSERT INTO Curso (Codigo, Nombre) VALUES ('HU301', 'METODOLOGIA DE LA INVESTIGACION');
INSERT INTO Curso (Codigo, Nombre) VALUES ('SI036', 'TALLER DE INVESTIGACION');
INSERT INTO Curso (Codigo, Nombre) VALUES ('SI055', 'GESTION DE PROYECTOS');
INSERT INTO Curso (Codigo, Nombre) VALUES ('SI075', 'AUDITORIA DE SISTEMAS');
INSERT INTO Curso (Codigo, Nombre) VALUES ('SI077', 'INTELIGENCIA ARTIFICIAL');
INSERT INTO Curso (Codigo, Nombre) VALUES ('SI085', 'APLICACION DE NEGOCIOS ELECTRONICOS');
INSERT INTO Curso (Codigo, Nombre) VALUES ('SI095', 'INGENIERIA EMPRESARIAL');
INSERT INTO Curso (Codigo, Nombre) VALUES ('SI101', 'INTRODUCCION AL PENSAMIENTO Y A LA INGENIERIA  DE SISTEMAS');
INSERT INTO Curso (Codigo, Nombre) VALUES ('SI111', 'TEORIA DE DECISIONES');
INSERT INTO Curso (Codigo, Nombre) VALUES ('SI114', 'BASE DE DATOS');
INSERT INTO Curso (Codigo, Nombre) VALUES ('SI130', 'GESTION DE LA INFORMACION');
INSERT INTO Curso (Codigo, Nombre) VALUES ('SI150', 'ANALITICA DE DATOS');
INSERT INTO Curso (Codigo, Nombre) VALUES ('SI155', 'CIBERSEGURIDAD');
INSERT INTO Curso (Codigo, Nombre) VALUES ('SI201', 'PSICOLOGIA SISTEMICA');
INSERT INTO Curso (Codigo, Nombre) VALUES ('SI203', 'TEORIA Y CIENCIA DE SISTEMAS');
INSERT INTO Curso (Codigo, Nombre) VALUES ('SI204', 'TEORIA GENERAL DE SISTEMAS');
INSERT INTO Curso (Codigo, Nombre) VALUES ('SI205', 'ALGORITMIA Y ESTRUCTURA DE DATOS');
INSERT INTO Curso (Codigo, Nombre) VALUES ('SI207', 'SISTEMAS BIOLOGICOS Y ECOLOGICOS');
INSERT INTO Curso (Codigo, Nombre) VALUES ('SI301', 'TEORIA Y CIENCIA DE SISTEMAS APLICADA');
INSERT INTO Curso (Codigo, Nombre) VALUES ('SI302', 'PROGRAMACION ORIENTADA A OBJETOS');
INSERT INTO Curso (Codigo, Nombre) VALUES ('SI401', 'LENGUAJE DE PROGRAMACION');
INSERT INTO Curso (Codigo, Nombre) VALUES ('SI403', 'METODOLOGIA DE LOS SISTEMAS BLANDOS');
INSERT INTO Curso (Codigo, Nombre) VALUES ('SI405', 'MODELADO CONCEPTUAL DE DATOS');
INSERT INTO Curso (Codigo, Nombre) VALUES ('SI501', 'INVESTIGACION DE OPERACIONES I');
INSERT INTO Curso (Codigo, Nombre) VALUES ('SI503', 'INGENIERIA DE PROCESOS');
INSERT INTO Curso (Codigo, Nombre) VALUES ('SI505', 'DISEÑO DE BASE DE DATOS');
INSERT INTO Curso (Codigo, Nombre) VALUES ('SI601', 'INVESTIGACION DE OPERACIONES II');
INSERT INTO Curso (Codigo, Nombre) VALUES ('SI602', 'DINAMICA DE SISTEMAS');
INSERT INTO Curso (Codigo, Nombre) VALUES ('SI603', 'MODELADO DE PROCESOS DE CICLO DE VIDA DE SISTEMAS');
INSERT INTO Curso (Codigo, Nombre) VALUES ('SI604', 'ANALISIS Y DISEÑO DE SISTEMAS');
INSERT INTO Curso (Codigo, Nombre) VALUES ('SI605', 'ARQUITECTURA EMPRESARIAL');
INSERT INTO Curso (Codigo, Nombre) VALUES ('SI607', 'ARQUITECTURA COMPUTACIONAL Y REDES');
INSERT INTO Curso (Codigo, Nombre) VALUES ('SI701', 'MODELADO SISTEMICO Y SIMULACION');
INSERT INTO Curso (Codigo, Nombre) VALUES ('SI702', 'TALLER DE DINAMICA DE SISTEMAS');
INSERT INTO Curso (Codigo, Nombre) VALUES ('SI704', 'GESTION DE LA INGENIERIA DE SISTEMAS');
INSERT INTO Curso (Codigo, Nombre) VALUES ('SI705', 'ESTANDARES DE LA INGENIERIA DE SISTEMAS');
INSERT INTO Curso (Codigo, Nombre) VALUES ('SI707', 'INGENIERIA DE SOFTWARE');
INSERT INTO Curso (Codigo, Nombre) VALUES ('SI801', 'MODELO DEL SISTEMA VIABLE');
INSERT INTO Curso (Codigo, Nombre) VALUES ('SI805', 'INTEGRACION DE SISTEMAS');
INSERT INTO Curso (Codigo, Nombre) VALUES ('SI806', 'DESARROLLO ADAPTATIVO E INTEGRADO DEL SW');
INSERT INTO Curso (Codigo, Nombre) VALUES ('SI807', 'SISTEMAS DE INTELIGENCIA DE NEGOCIO');
INSERT INTO Curso (Codigo, Nombre) VALUES ('SI902', 'INGENIERIA DE SISTEMAS DE SERVICIO');
INSERT INTO Curso (Codigo, Nombre) VALUES ('SI903', 'IMPLEMENTACION DE SISTEMAS');
INSERT INTO Curso (Codigo, Nombre) VALUES ('SI904', 'SEGURIDAD DE SISTEMAS');
INSERT INTO Curso (Codigo, Nombre) VALUES ('SI905', 'TALLER DE PROYECTO DE INVESTIGACION');
INSERT INTO Curso (Codigo, Nombre) VALUES ('ST114', 'TEORIA DE DECISIONES');
INSERT INTO Curso (Codigo, Nombre) VALUES ('ST124', 'SIMULACION');
INSERT INTO Curso (Codigo, Nombre) VALUES ('ST150', 'ANALITICA DE DATOS');
INSERT INTO Curso (Codigo, Nombre) VALUES ('ST224', 'SISTEMAS ECONOMICOS');
INSERT INTO Curso (Codigo, Nombre) VALUES ('ST236', 'PROYECTO DE TESIS EN INGENIERIA DE SISTEMAS II');
INSERT INTO Curso (Codigo, Nombre) VALUES ('ST275', 'AUDITORIA DE SISTEMAS');
INSERT INTO Curso (Codigo, Nombre) VALUES ('ST285', 'APLICACION DE NEGOCIOS ELECTRONICOS');
INSERT INTO Curso (Codigo, Nombre) VALUES ('ST295', 'INGENIERIA EMPRESARIAL');
INSERT INTO Curso (Codigo, Nombre) VALUES ('ST702', 'TALLER DINAMICA DE SISTEMAS');
INSERT INTO Curso (Codigo, Nombre) VALUES ('SW101', 'INTRODUCCION A LA INGENIERIA DE SOFTWARE');
INSERT INTO Curso (Codigo, Nombre) VALUES ('SW301', 'ARQUITECTURA DE COMPUTADORAS I');
INSERT INTO Curso (Codigo, Nombre) VALUES ('SW303', 'LENGUAJES DE PROGRAMACION I (IMPERATIVO)');
INSERT INTO Curso (Codigo, Nombre) VALUES ('SW305', 'ALGORITMIA Y ESTRUCTURA DE DATOS AVANZADA');
INSERT INTO Curso (Codigo, Nombre) VALUES ('SW401', 'ANALISIS Y MODELAMIENTO DE DATOS');
INSERT INTO Curso (Codigo, Nombre) VALUES ('SW403', 'LENGUAJE DE PROGRAMACION II (ORIENTADA A OBJETOS)');
INSERT INTO Curso (Codigo, Nombre) VALUES ('SW405', 'INGENIERIA DE REQUERIMIENTOS I');
INSERT INTO Curso (Codigo, Nombre) VALUES ('SW407', 'SISTEMAS OPERATIVOS');
INSERT INTO Curso (Codigo, Nombre) VALUES ('TE101', 'DIBUJO DE INGENIERIA');
INSERT INTO Curso (Codigo, Nombre) VALUES ('TE111', 'INNOVACION Y GESTION TECNOLOGICA');
INSERT INTO Curso (Codigo, Nombre) VALUES ('TE121', 'ERGONOMIA');
INSERT INTO Curso (Codigo, Nombre) VALUES ('TE122', 'PROCESOS AGROINDUSTRIALES');
INSERT INTO Curso (Codigo, Nombre) VALUES ('TE124', 'GESTION DE LA ENERGIA');
INSERT INTO Curso (Codigo, Nombre) VALUES ('TE126', 'GESTION DEL MANTENIMIENTO');
INSERT INTO Curso (Codigo, Nombre) VALUES ('TE205', 'DIBUJO Y GEOMETRIA DESCRIPTIVA');
INSERT INTO Curso (Codigo, Nombre) VALUES ('TE301', 'FISICO QUIMICA Y OPERACIONES UNITARIAS');
INSERT INTO Curso (Codigo, Nombre) VALUES ('TE302', 'DISEÑO ASISTIDO POR COMPUTADOR');
INSERT INTO Curso (Codigo, Nombre) VALUES ('TE401', 'TERMODINAMICA');
INSERT INTO Curso (Codigo, Nombre) VALUES ('TE501', 'ELECTRICIDAD Y ELECTRONICA INDUSTRIAL');
INSERT INTO Curso (Codigo, Nombre) VALUES ('TE503', 'PROCESOS INDUSTRIALES I');
INSERT INTO Curso (Codigo, Nombre) VALUES ('TE601', 'INGENIERIA DE MATERIALES');
INSERT INTO Curso (Codigo, Nombre) VALUES ('TE602', 'PROCESOS INDUSTRIALES II');
INSERT INTO Curso (Codigo, Nombre) VALUES ('TE603', 'CONTROL ESTADISTICO DE PROCESOS');
INSERT INTO Curso (Codigo, Nombre) VALUES ('TE604', 'MAQUINARIA E INSTRUMENTACION INDUSTRIAL');
INSERT INTO Curso (Codigo, Nombre) VALUES ('TE701', 'ANALISIS DE PROCESOS DE MANUFACTURA');
INSERT INTO Curso (Codigo, Nombre) VALUES ('TE801', 'AUTOMATIZACION Y CONTROL DE PROCESOS');
INSERT INTO Curso (Codigo, Nombre) VALUES ('TE802', 'INGENIERIA DEL PRODUCTO');
INSERT INTO Curso (Codigo, Nombre) VALUES ('TE803', 'SISTEMAS INTEGRADOS DE CALIDAD');
INSERT INTO Curso (Codigo, Nombre) VALUES ('TE901', 'SEGURIDAD Y SALUD OCUPACIONAL');
INSERT INTO Curso (Codigo, Nombre) VALUES ('TP314', 'INGENIERIA DEL PRODUCTO');
//Carga de datos al 23/05/2025
insert into curso (codigo, nombre) values ('GE001', 'PROYECTO DE TESIS EN INGENIERIA INDUSTRIAL II')
insert into curso (codigo, nombre) values ('GE121', 'DISEÑO Y DISPOSICION DE PLANTAS')
insert into curso (codigo, nombre) values ('GE904', 'PROYECTO DE TESIS EN INGENIERIA INDUSTRIAL I')
insert into curso (codigo, nombre) values ('GP114', 'TEORIA DE PRECIOS')
insert into curso (codigo, nombre) values ('GP134', 'MODELOS DE GESTION EMPRESARIAL')
insert into curso (codigo, nombre) values ('GP205', 'GESTION DE MANTENIMIENTO')
insert into curso (codigo, nombre) values ('GP234', 'ANALISIS ECONOMICO EN INGENIERIA')
insert into curso (codigo, nombre) values ('GP235', 'GESTION FINANCIERA')
insert into curso (codigo, nombre) values ('GP515', 'PLANEAMIENTO Y DIRECCION ESTRATEGICA')
insert into curso (codigo, nombre) values ('GP535', 'PROYECTO DE TESIS EN INGENIERIA INDUSTRIAL I')
insert into curso (codigo, nombre) values ('HS204', 'LEGISLACION EMPRESARIAL')
insert into curso (codigo, nombre) values ('HU400', 'PRACTICAS PREPROFESIONALES II')
insert into curso (codigo, nombre) values ('SI035', 'PROYECTO DE TESIS EN INGENIERIA SISTEMAS II')
insert into curso (codigo, nombre) values ('SI901', 'PROYECTO DE TESIS EN INGENIERIA  SISTEMAS I')
insert into curso (codigo, nombre) values ('ST205', 'TOPICOS DE INGENIERIA DE SISTEMAS')
insert into curso (codigo, nombre) values ('ST215', 'SEGURIDAD INFORMATICA')
insert into curso (codigo, nombre) values ('ST235', 'PROYECTO DE TESIS EN INGENIERIA DE SISTEMAS I')
insert into curso (codigo, nombre) values ('ST274', 'BASE DE DATOS')
insert into curso (codigo, nombre) values ('TP254', 'AUTOMATIZACION Y CONTROL DE PROCESOS')
insert into curso (codigo, nombre) values ('TP505', 'GESTION Y ASEGURAMIENTO DE CALIDAD TOTAL')
insert into curso (codigo, nombre) values ('XP200', 'PRACTICAS PREPROFESIONALES II')

INSERT INTO CursoSeccion (Codigo_Curso, Letra_Seccion, Relativo) VALUES ('BEF01', 'U', '251');
INSERT INTO CursoSeccion (Codigo_Curso, Letra_Seccion, Relativo) VALUES ('BEF01', 'V', '251');
INSERT INTO CursoSeccion (Codigo_Curso, Letra_Seccion, Relativo) VALUES ('BEF01', 'W', '251');
INSERT INTO CursoSeccion (Codigo_Curso, Letra_Seccion, Relativo) VALUES ('BEF01', 'X', '251');
INSERT INTO CursoSeccion (Codigo_Curso, Letra_Seccion, Relativo) VALUES ('BEF01', 'Y', '251');
INSERT INTO CursoSeccion (Codigo_Curso, Letra_Seccion, Relativo) VALUES ('BEG01', 'U', '251');
INSERT INTO CursoSeccion (Codigo_Curso, Letra_Seccion, Relativo) VALUES ('BEG01', 'V', '251');
INSERT INTO CursoSeccion (Codigo_Curso, Letra_Seccion, Relativo) VALUES ('BEG01', 'W', '251');
INSERT INTO CursoSeccion (Codigo_Curso, Letra_Seccion, Relativo) VALUES ('BEG01', 'X', '251');
INSERT INTO CursoSeccion (Codigo_Curso, Letra_Seccion, Relativo) VALUES ('BEG01', 'Y', '251');
INSERT INTO CursoSeccion (Codigo_Curso, Letra_Seccion, Relativo) VALUES ('BFI01', 'U', '251');
INSERT INTO CursoSeccion (Codigo_Curso, Letra_Seccion, Relativo) VALUES ('BFI01', 'V', '251');
INSERT INTO CursoSeccion (Codigo_Curso, Letra_Seccion, Relativo) VALUES ('BFI01', 'W', '251');
INSERT INTO CursoSeccion (Codigo_Curso, Letra_Seccion, Relativo) VALUES ('BFI01', 'X', '251');
INSERT INTO CursoSeccion (Codigo_Curso, Letra_Seccion, Relativo) VALUES ('BFI01', 'Y', '251');
INSERT INTO CursoSeccion (Codigo_Curso, Letra_Seccion, Relativo) VALUES ('BFI01', 'Z', '251');
INSERT INTO CursoSeccion (Codigo_Curso, Letra_Seccion, Relativo) VALUES ('BIC01', 'U', '251');
INSERT INTO CursoSeccion (Codigo_Curso, Letra_Seccion, Relativo) VALUES ('BIC01', 'V', '251');
INSERT INTO CursoSeccion (Codigo_Curso, Letra_Seccion, Relativo) VALUES ('BIC01', 'W', '251');
INSERT INTO CursoSeccion (Codigo_Curso, Letra_Seccion, Relativo) VALUES ('BIC01', 'X', '251');
INSERT INTO CursoSeccion (Codigo_Curso, Letra_Seccion, Relativo) VALUES ('BIC01', 'Y', '251');
INSERT INTO CursoSeccion (Codigo_Curso, Letra_Seccion, Relativo) VALUES ('BIC01', 'Z', '251');
INSERT INTO CursoSeccion (Codigo_Curso, Letra_Seccion, Relativo) VALUES ('BMA01', 'U', '251');
INSERT INTO CursoSeccion (Codigo_Curso, Letra_Seccion, Relativo) VALUES ('BMA01', 'V', '251');
INSERT INTO CursoSeccion (Codigo_Curso, Letra_Seccion, Relativo) VALUES ('BMA01', 'W', '251');
INSERT INTO CursoSeccion (Codigo_Curso, Letra_Seccion, Relativo) VALUES ('BMA01', 'X', '251');
INSERT INTO CursoSeccion (Codigo_Curso, Letra_Seccion, Relativo) VALUES ('BMA01', 'Y', '251');
INSERT INTO CursoSeccion (Codigo_Curso, Letra_Seccion, Relativo) VALUES ('BMA01', 'Z', '251');
INSERT INTO CursoSeccion (Codigo_Curso, Letra_Seccion, Relativo) VALUES ('BMA02', 'U', '251');
INSERT INTO CursoSeccion (Codigo_Curso, Letra_Seccion, Relativo) VALUES ('BMA02', 'V', '251');
INSERT INTO CursoSeccion (Codigo_Curso, Letra_Seccion, Relativo) VALUES ('BMA02', 'W', '251');
INSERT INTO CursoSeccion (Codigo_Curso, Letra_Seccion, Relativo) VALUES ('BMA02', 'X', '251');
INSERT INTO CursoSeccion (Codigo_Curso, Letra_Seccion, Relativo) VALUES ('BMA03', 'U', '251');
INSERT INTO CursoSeccion (Codigo_Curso, Letra_Seccion, Relativo) VALUES ('BMA03', 'V', '251');
INSERT INTO CursoSeccion (Codigo_Curso, Letra_Seccion, Relativo) VALUES ('BMA03', 'W', '251');
INSERT INTO CursoSeccion (Codigo_Curso, Letra_Seccion, Relativo) VALUES ('BMA03', 'X', '251');
INSERT INTO CursoSeccion (Codigo_Curso, Letra_Seccion, Relativo) VALUES ('BMA03', 'Y', '251');
INSERT INTO CursoSeccion (Codigo_Curso, Letra_Seccion, Relativo) VALUES ('BMA03', 'Z', '251');
INSERT INTO CursoSeccion (Codigo_Curso, Letra_Seccion, Relativo) VALUES ('BQU01', 'A', '251');
INSERT INTO CursoSeccion (Codigo_Curso, Letra_Seccion, Relativo) VALUES ('BQU01', 'B', '251');
INSERT INTO CursoSeccion (Codigo_Curso, Letra_Seccion, Relativo) VALUES ('BQU01', 'U', '251');
INSERT INTO CursoSeccion (Codigo_Curso, Letra_Seccion, Relativo) VALUES ('BQU01', 'V', '251');
INSERT INTO CursoSeccion (Codigo_Curso, Letra_Seccion, Relativo) VALUES ('BQU01', 'W', '251');
INSERT INTO CursoSeccion (Codigo_Curso, Letra_Seccion, Relativo) VALUES ('BQU01', 'X', '251');
INSERT INTO CursoSeccion (Codigo_Curso, Letra_Seccion, Relativo) VALUES ('BQU01', 'Y', '251');
INSERT INTO CursoSeccion (Codigo_Curso, Letra_Seccion, Relativo) VALUES ('BRC01', 'U', '251');
INSERT INTO CursoSeccion (Codigo_Curso, Letra_Seccion, Relativo) VALUES ('BRC01', 'V', '251');
INSERT INTO CursoSeccion (Codigo_Curso, Letra_Seccion, Relativo) VALUES ('BRC01', 'W', '251');
INSERT INTO CursoSeccion (Codigo_Curso, Letra_Seccion, Relativo) VALUES ('BRC01', 'X', '251');
INSERT INTO CursoSeccion (Codigo_Curso, Letra_Seccion, Relativo) VALUES ('BRC01', 'Y', '251');
INSERT INTO CursoSeccion (Codigo_Curso, Letra_Seccion, Relativo) VALUES ('BRC01', 'Z', '251');
INSERT INTO CursoSeccion (Codigo_Curso, Letra_Seccion, Relativo) VALUES ('BRN01', 'U', '251');
INSERT INTO CursoSeccion (Codigo_Curso, Letra_Seccion, Relativo) VALUES ('BRN01', 'V', '251');
INSERT INTO CursoSeccion (Codigo_Curso, Letra_Seccion, Relativo) VALUES ('BRN01', 'W', '251');
INSERT INTO CursoSeccion (Codigo_Curso, Letra_Seccion, Relativo) VALUES ('BRN01', 'X', '251');
INSERT INTO CursoSeccion (Codigo_Curso, Letra_Seccion, Relativo) VALUES ('FB101', 'A', '251');
INSERT INTO CursoSeccion (Codigo_Curso, Letra_Seccion, Relativo) VALUES ('FB101', 'U', '251');
INSERT INTO CursoSeccion (Codigo_Curso, Letra_Seccion, Relativo) VALUES ('FB101', 'V', '251');
INSERT INTO CursoSeccion (Codigo_Curso, Letra_Seccion, Relativo) VALUES ('FB101', 'W', '251');
INSERT INTO CursoSeccion (Codigo_Curso, Letra_Seccion, Relativo) VALUES ('FB101', 'X', '251');
INSERT INTO CursoSeccion (Codigo_Curso, Letra_Seccion, Relativo) VALUES ('FB101', 'Y', '251');
INSERT INTO CursoSeccion (Codigo_Curso, Letra_Seccion, Relativo) VALUES ('FB101', 'Z', '251');
INSERT INTO CursoSeccion (Codigo_Curso, Letra_Seccion, Relativo) VALUES ('FB202', 'U', '251');
INSERT INTO CursoSeccion (Codigo_Curso, Letra_Seccion, Relativo) VALUES ('FB202', 'V', '251');
INSERT INTO CursoSeccion (Codigo_Curso, Letra_Seccion, Relativo) VALUES ('FB202', 'W', '251');
INSERT INTO CursoSeccion (Codigo_Curso, Letra_Seccion, Relativo) VALUES ('FB301', 'U', '251');
INSERT INTO CursoSeccion (Codigo_Curso, Letra_Seccion, Relativo) VALUES ('FB301', 'V', '251');
INSERT INTO CursoSeccion (Codigo_Curso, Letra_Seccion, Relativo) VALUES ('FB301', 'W', '251');
INSERT INTO CursoSeccion (Codigo_Curso, Letra_Seccion, Relativo) VALUES ('FB301', 'X', '251');
INSERT INTO CursoSeccion (Codigo_Curso, Letra_Seccion, Relativo) VALUES ('FB301', 'Y', '251');
INSERT INTO CursoSeccion (Codigo_Curso, Letra_Seccion, Relativo) VALUES ('FB303', 'U', '251');
INSERT INTO CursoSeccion (Codigo_Curso, Letra_Seccion, Relativo) VALUES ('FB303', 'V', '251');
INSERT INTO CursoSeccion (Codigo_Curso, Letra_Seccion, Relativo) VALUES ('FB303', 'W', '251');
INSERT INTO CursoSeccion (Codigo_Curso, Letra_Seccion, Relativo) VALUES ('FB303', 'X', '251');
INSERT INTO CursoSeccion (Codigo_Curso, Letra_Seccion, Relativo) VALUES ('FB303', 'Y', '251');
INSERT INTO CursoSeccion (Codigo_Curso, Letra_Seccion, Relativo) VALUES ('FB305', 'U', '251');
INSERT INTO CursoSeccion (Codigo_Curso, Letra_Seccion, Relativo) VALUES ('FB305', 'V', '251');
INSERT INTO CursoSeccion (Codigo_Curso, Letra_Seccion, Relativo) VALUES ('FB305', 'W', '251');
INSERT INTO CursoSeccion (Codigo_Curso, Letra_Seccion, Relativo) VALUES ('FB305', 'X', '251');
INSERT INTO CursoSeccion (Codigo_Curso, Letra_Seccion, Relativo) VALUES ('FB305', 'Y', '251');
INSERT INTO CursoSeccion (Codigo_Curso, Letra_Seccion, Relativo) VALUES ('FB401', 'A', '251');
INSERT INTO CursoSeccion (Codigo_Curso, Letra_Seccion, Relativo) VALUES ('FB401', 'U', '251');
INSERT INTO CursoSeccion (Codigo_Curso, Letra_Seccion, Relativo) VALUES ('FB401', 'V', '251');
INSERT INTO CursoSeccion (Codigo_Curso, Letra_Seccion, Relativo) VALUES ('FB401', 'W', '251');
INSERT INTO CursoSeccion (Codigo_Curso, Letra_Seccion, Relativo) VALUES ('FB401', 'X', '251');
INSERT INTO CursoSeccion (Codigo_Curso, Letra_Seccion, Relativo) VALUES ('FB401', 'Y', '251');
INSERT INTO CursoSeccion (Codigo_Curso, Letra_Seccion, Relativo) VALUES ('FB401', 'Z', '251');
INSERT INTO CursoSeccion (Codigo_Curso, Letra_Seccion, Relativo) VALUES ('FB402', 'U', '251');
INSERT INTO CursoSeccion (Codigo_Curso, Letra_Seccion, Relativo) VALUES ('FB402', 'V', '251');
INSERT INTO CursoSeccion (Codigo_Curso, Letra_Seccion, Relativo) VALUES ('FB402', 'W', '251');
INSERT INTO CursoSeccion (Codigo_Curso, Letra_Seccion, Relativo) VALUES ('FB403', 'U', '251');
INSERT INTO CursoSeccion (Codigo_Curso, Letra_Seccion, Relativo) VALUES ('FB403', 'V', '251');
INSERT INTO CursoSeccion (Codigo_Curso, Letra_Seccion, Relativo) VALUES ('FB403', 'W', '251');
INSERT INTO CursoSeccion (Codigo_Curso, Letra_Seccion, Relativo) VALUES ('FB403', 'X', '251');
INSERT INTO CursoSeccion (Codigo_Curso, Letra_Seccion, Relativo) VALUES ('FB405', 'U', '251');
INSERT INTO CursoSeccion (Codigo_Curso, Letra_Seccion, Relativo) VALUES ('FB405', 'V', '251');
INSERT INTO CursoSeccion (Codigo_Curso, Letra_Seccion, Relativo) VALUES ('FB501', 'U', '251');
INSERT INTO CursoSeccion (Codigo_Curso, Letra_Seccion, Relativo) VALUES ('FB501', 'V', '251');
INSERT INTO CursoSeccion (Codigo_Curso, Letra_Seccion, Relativo) VALUES ('GE003', 'U', '251');
INSERT INTO CursoSeccion (Codigo_Curso, Letra_Seccion, Relativo) VALUES ('GE003', 'V', '251');
INSERT INTO CursoSeccion (Codigo_Curso, Letra_Seccion, Relativo) VALUES ('GE003', 'W', '251');
INSERT INTO CursoSeccion (Codigo_Curso, Letra_Seccion, Relativo) VALUES ('GE004', 'U', '251');
INSERT INTO CursoSeccion (Codigo_Curso, Letra_Seccion, Relativo) VALUES ('GE004', 'V', '251');
INSERT INTO CursoSeccion (Codigo_Curso, Letra_Seccion, Relativo) VALUES ('GE004', 'W', '251');
INSERT INTO CursoSeccion (Codigo_Curso, Letra_Seccion, Relativo) VALUES ('GE004', 'X', '251');
INSERT INTO CursoSeccion (Codigo_Curso, Letra_Seccion, Relativo) VALUES ('GE101', 'U', '251');
INSERT INTO CursoSeccion (Codigo_Curso, Letra_Seccion, Relativo) VALUES ('GE101', 'V', '251');
INSERT INTO CursoSeccion (Codigo_Curso, Letra_Seccion, Relativo) VALUES ('GE112', 'U', '251');
INSERT INTO CursoSeccion (Codigo_Curso, Letra_Seccion, Relativo) VALUES ('GE113', 'U', '251');
INSERT INTO CursoSeccion (Codigo_Curso, Letra_Seccion, Relativo) VALUES ('GE122', 'U', '251');
INSERT INTO CursoSeccion (Codigo_Curso, Letra_Seccion, Relativo) VALUES ('GE124', 'U', '251');
INSERT INTO CursoSeccion (Codigo_Curso, Letra_Seccion, Relativo) VALUES ('GE128', 'U', '251');
INSERT INTO CursoSeccion (Codigo_Curso, Letra_Seccion, Relativo) VALUES ('GE501', 'U', '251');
INSERT INTO CursoSeccion (Codigo_Curso, Letra_Seccion, Relativo) VALUES ('GE501', 'V', '251');
INSERT INTO CursoSeccion (Codigo_Curso, Letra_Seccion, Relativo) VALUES ('GE502', 'U', '251');
INSERT INTO CursoSeccion (Codigo_Curso, Letra_Seccion, Relativo) VALUES ('GE502', 'V', '251');
INSERT INTO CursoSeccion (Codigo_Curso, Letra_Seccion, Relativo) VALUES ('GE502', 'W', '251');
INSERT INTO CursoSeccion (Codigo_Curso, Letra_Seccion, Relativo) VALUES ('GE602', 'U', '251');
INSERT INTO CursoSeccion (Codigo_Curso, Letra_Seccion, Relativo) VALUES ('GE602', 'V', '251');
INSERT INTO CursoSeccion (Codigo_Curso, Letra_Seccion, Relativo) VALUES ('GE602', 'W', '251');
INSERT INTO CursoSeccion (Codigo_Curso, Letra_Seccion, Relativo) VALUES ('GE603', 'U', '251');
INSERT INTO CursoSeccion (Codigo_Curso, Letra_Seccion, Relativo) VALUES ('GE603', 'V', '251');
INSERT INTO CursoSeccion (Codigo_Curso, Letra_Seccion, Relativo) VALUES ('GE604', 'U', '251');
INSERT INTO CursoSeccion (Codigo_Curso, Letra_Seccion, Relativo) VALUES ('GE604', 'V', '251');
INSERT INTO CursoSeccion (Codigo_Curso, Letra_Seccion, Relativo) VALUES ('GE604', 'W', '251');
INSERT INTO CursoSeccion (Codigo_Curso, Letra_Seccion, Relativo) VALUES ('GE605', 'U', '251');
INSERT INTO CursoSeccion (Codigo_Curso, Letra_Seccion, Relativo) VALUES ('GE605', 'V', '251');
INSERT INTO CursoSeccion (Codigo_Curso, Letra_Seccion, Relativo) VALUES ('GE701', 'U', '251');
INSERT INTO CursoSeccion (Codigo_Curso, Letra_Seccion, Relativo) VALUES ('GE701', 'V', '251');
INSERT INTO CursoSeccion (Codigo_Curso, Letra_Seccion, Relativo) VALUES ('GE702', 'U', '251');
INSERT INTO CursoSeccion (Codigo_Curso, Letra_Seccion, Relativo) VALUES ('GE702', 'V', '251');
INSERT INTO CursoSeccion (Codigo_Curso, Letra_Seccion, Relativo) VALUES ('GE703', 'U', '251');
INSERT INTO CursoSeccion (Codigo_Curso, Letra_Seccion, Relativo) VALUES ('GE703', 'V', '251');
INSERT INTO CursoSeccion (Codigo_Curso, Letra_Seccion, Relativo) VALUES ('GE704', 'U', '251');
INSERT INTO CursoSeccion (Codigo_Curso, Letra_Seccion, Relativo) VALUES ('GE704', 'V', '251');
INSERT INTO CursoSeccion (Codigo_Curso, Letra_Seccion, Relativo) VALUES ('GE704', 'W', '251');
INSERT INTO CursoSeccion (Codigo_Curso, Letra_Seccion, Relativo) VALUES ('GE709', 'U', '251');
INSERT INTO CursoSeccion (Codigo_Curso, Letra_Seccion, Relativo) VALUES ('GE801', 'U', '251');
INSERT INTO CursoSeccion (Codigo_Curso, Letra_Seccion, Relativo) VALUES ('GE801', 'V', '251');
INSERT INTO CursoSeccion (Codigo_Curso, Letra_Seccion, Relativo) VALUES ('GE801', 'W', '251');
INSERT INTO CursoSeccion (Codigo_Curso, Letra_Seccion, Relativo) VALUES ('GE802', 'U', '251');
INSERT INTO CursoSeccion (Codigo_Curso, Letra_Seccion, Relativo) VALUES ('GE802', 'V', '251');
INSERT INTO CursoSeccion (Codigo_Curso, Letra_Seccion, Relativo) VALUES ('GE803', 'U', '251');
INSERT INTO CursoSeccion (Codigo_Curso, Letra_Seccion, Relativo) VALUES ('GE803', 'V', '251');
INSERT INTO CursoSeccion (Codigo_Curso, Letra_Seccion, Relativo) VALUES ('GE805', 'U', '251');
INSERT INTO CursoSeccion (Codigo_Curso, Letra_Seccion, Relativo) VALUES ('GE805', 'V', '251');
INSERT INTO CursoSeccion (Codigo_Curso, Letra_Seccion, Relativo) VALUES ('GE901', 'U', '251');
INSERT INTO CursoSeccion (Codigo_Curso, Letra_Seccion, Relativo) VALUES ('GE901', 'V', '251');
INSERT INTO CursoSeccion (Codigo_Curso, Letra_Seccion, Relativo) VALUES ('GE902', 'U', '251');
INSERT INTO CursoSeccion (Codigo_Curso, Letra_Seccion, Relativo) VALUES ('GE902', 'V', '251');
INSERT INTO CursoSeccion (Codigo_Curso, Letra_Seccion, Relativo) VALUES ('GE902', 'W', '251');
INSERT INTO CursoSeccion (Codigo_Curso, Letra_Seccion, Relativo) VALUES ('GE903', 'U', '251');
INSERT INTO CursoSeccion (Codigo_Curso, Letra_Seccion, Relativo) VALUES ('GE903', 'V', '251');
INSERT INTO CursoSeccion (Codigo_Curso, Letra_Seccion, Relativo) VALUES ('GE905', 'U', '251');
INSERT INTO CursoSeccion (Codigo_Curso, Letra_Seccion, Relativo) VALUES ('GE905', 'V', '251');
INSERT INTO CursoSeccion (Codigo_Curso, Letra_Seccion, Relativo) VALUES ('GE906', 'U', '251');
INSERT INTO CursoSeccion (Codigo_Curso, Letra_Seccion, Relativo) VALUES ('GE906', 'V', '251');
INSERT INTO CursoSeccion (Codigo_Curso, Letra_Seccion, Relativo) VALUES ('GP514', 'U', '251');
INSERT INTO CursoSeccion (Codigo_Curso, Letra_Seccion, Relativo) VALUES ('GP525', 'V', '251');
INSERT INTO CursoSeccion (Codigo_Curso, Letra_Seccion, Relativo) VALUES ('GP545', 'W', '251');
INSERT INTO CursoSeccion (Codigo_Curso, Letra_Seccion, Relativo) VALUES ('GP575', 'U', '251');
INSERT INTO CursoSeccion (Codigo_Curso, Letra_Seccion, Relativo) VALUES ('HS144', 'U', '251');
INSERT INTO CursoSeccion (Codigo_Curso, Letra_Seccion, Relativo) VALUES ('HU102', 'U', '251');
INSERT INTO CursoSeccion (Codigo_Curso, Letra_Seccion, Relativo) VALUES ('HU102', 'V', '251');
INSERT INTO CursoSeccion (Codigo_Curso, Letra_Seccion, Relativo) VALUES ('HU102', 'W', '251');
INSERT INTO CursoSeccion (Codigo_Curso, Letra_Seccion, Relativo) VALUES ('HU102', 'X', '251');
INSERT INTO CursoSeccion (Codigo_Curso, Letra_Seccion, Relativo) VALUES ('HU102', 'Y', '251');
INSERT INTO CursoSeccion (Codigo_Curso, Letra_Seccion, Relativo) VALUES ('HU102', 'Z', '251');
INSERT INTO CursoSeccion (Codigo_Curso, Letra_Seccion, Relativo) VALUES ('HU111', 'U', '251');
INSERT INTO CursoSeccion (Codigo_Curso, Letra_Seccion, Relativo) VALUES ('HU111', 'V', '251');
INSERT INTO CursoSeccion (Codigo_Curso, Letra_Seccion, Relativo) VALUES ('HU111', 'W', '251');
INSERT INTO CursoSeccion (Codigo_Curso, Letra_Seccion, Relativo) VALUES ('HU112', 'U', '251');
INSERT INTO CursoSeccion (Codigo_Curso, Letra_Seccion, Relativo) VALUES ('HU201', 'U', '251');
INSERT INTO CursoSeccion (Codigo_Curso, Letra_Seccion, Relativo) VALUES ('HU201', 'V', '251');
INSERT INTO CursoSeccion (Codigo_Curso, Letra_Seccion, Relativo) VALUES ('HU201', 'W', '251');
INSERT INTO CursoSeccion (Codigo_Curso, Letra_Seccion, Relativo) VALUES ('HU301', 'U', '251');
INSERT INTO CursoSeccion (Codigo_Curso, Letra_Seccion, Relativo) VALUES ('HU301', 'V', '251');
INSERT INTO CursoSeccion (Codigo_Curso, Letra_Seccion, Relativo) VALUES ('HU301', 'W', '251');
INSERT INTO CursoSeccion (Codigo_Curso, Letra_Seccion, Relativo) VALUES ('HU301', 'X', '251');
INSERT INTO CursoSeccion (Codigo_Curso, Letra_Seccion, Relativo) VALUES ('HU301', 'Y', '251');
INSERT INTO CursoSeccion (Codigo_Curso, Letra_Seccion, Relativo) VALUES ('SI036', 'U', '251');
INSERT INTO CursoSeccion (Codigo_Curso, Letra_Seccion, Relativo) VALUES ('SI036', 'V', '251');
INSERT INTO CursoSeccion (Codigo_Curso, Letra_Seccion, Relativo) VALUES ('SI036', 'W', '251');
INSERT INTO CursoSeccion (Codigo_Curso, Letra_Seccion, Relativo) VALUES ('SI036', 'X', '251');
INSERT INTO CursoSeccion (Codigo_Curso, Letra_Seccion, Relativo) VALUES ('SI055', 'U', '251');
INSERT INTO CursoSeccion (Codigo_Curso, Letra_Seccion, Relativo) VALUES ('SI055', 'V', '251');
INSERT INTO CursoSeccion (Codigo_Curso, Letra_Seccion, Relativo) VALUES ('SI075', 'U', '251');
INSERT INTO CursoSeccion (Codigo_Curso, Letra_Seccion, Relativo) VALUES ('SI077', 'U', '251');
INSERT INTO CursoSeccion (Codigo_Curso, Letra_Seccion, Relativo) VALUES ('SI085', 'U', '251');
INSERT INTO CursoSeccion (Codigo_Curso, Letra_Seccion, Relativo) VALUES ('SI085', 'V', '251');
INSERT INTO CursoSeccion (Codigo_Curso, Letra_Seccion, Relativo) VALUES ('SI095', 'U', '251');
INSERT INTO CursoSeccion (Codigo_Curso, Letra_Seccion, Relativo) VALUES ('SI095', 'V', '251');
INSERT INTO CursoSeccion (Codigo_Curso, Letra_Seccion, Relativo) VALUES ('SI101', 'U', '251');
INSERT INTO CursoSeccion (Codigo_Curso, Letra_Seccion, Relativo) VALUES ('SI101', 'V', '251');
INSERT INTO CursoSeccion (Codigo_Curso, Letra_Seccion, Relativo) VALUES ('SI111', 'U', '251');
INSERT INTO CursoSeccion (Codigo_Curso, Letra_Seccion, Relativo) VALUES ('SI111', 'V', '251');
INSERT INTO CursoSeccion (Codigo_Curso, Letra_Seccion, Relativo) VALUES ('SI114', 'U', '251');
INSERT INTO CursoSeccion (Codigo_Curso, Letra_Seccion, Relativo) VALUES ('SI130', 'U', '251');
INSERT INTO CursoSeccion (Codigo_Curso, Letra_Seccion, Relativo) VALUES ('SI150', 'U', '251');
INSERT INTO CursoSeccion (Codigo_Curso, Letra_Seccion, Relativo) VALUES ('SI150', 'V', '251');
INSERT INTO CursoSeccion (Codigo_Curso, Letra_Seccion, Relativo) VALUES ('SI155', 'U', '251');
INSERT INTO CursoSeccion (Codigo_Curso, Letra_Seccion, Relativo) VALUES ('SI201', 'U', '251');
INSERT INTO CursoSeccion (Codigo_Curso, Letra_Seccion, Relativo) VALUES ('SI201', 'V', '251');
INSERT INTO CursoSeccion (Codigo_Curso, Letra_Seccion, Relativo) VALUES ('SI203', 'U', '251');
INSERT INTO CursoSeccion (Codigo_Curso, Letra_Seccion, Relativo) VALUES ('SI203', 'V', '251');
INSERT INTO CursoSeccion (Codigo_Curso, Letra_Seccion, Relativo) VALUES ('SI203', 'W', '251');
INSERT INTO CursoSeccion (Codigo_Curso, Letra_Seccion, Relativo) VALUES ('SI203', 'X', '251');
INSERT INTO CursoSeccion (Codigo_Curso, Letra_Seccion, Relativo) VALUES ('SI204', 'U', '251');
INSERT INTO CursoSeccion (Codigo_Curso, Letra_Seccion, Relativo) VALUES ('SI204', 'V', '251');
INSERT INTO CursoSeccion (Codigo_Curso, Letra_Seccion, Relativo) VALUES ('SI205', 'U', '251');
INSERT INTO CursoSeccion (Codigo_Curso, Letra_Seccion, Relativo) VALUES ('SI205', 'V', '251');
INSERT INTO CursoSeccion (Codigo_Curso, Letra_Seccion, Relativo) VALUES ('SI205', 'W', '251');
INSERT INTO CursoSeccion (Codigo_Curso, Letra_Seccion, Relativo) VALUES ('SI205', 'X', '251');
INSERT INTO CursoSeccion (Codigo_Curso, Letra_Seccion, Relativo) VALUES ('SI205', 'Y', '251');
INSERT INTO CursoSeccion (Codigo_Curso, Letra_Seccion, Relativo) VALUES ('SI207', 'U', '251');
INSERT INTO CursoSeccion (Codigo_Curso, Letra_Seccion, Relativo) VALUES ('SI207', 'V', '251');
INSERT INTO CursoSeccion (Codigo_Curso, Letra_Seccion, Relativo) VALUES ('SI301', 'U', '251');
INSERT INTO CursoSeccion (Codigo_Curso, Letra_Seccion, Relativo) VALUES ('SI301', 'V', '251');
INSERT INTO CursoSeccion (Codigo_Curso, Letra_Seccion, Relativo) VALUES ('SI301', 'W', '251');
INSERT INTO CursoSeccion (Codigo_Curso, Letra_Seccion, Relativo) VALUES ('SI302', 'U', '251');
INSERT INTO CursoSeccion (Codigo_Curso, Letra_Seccion, Relativo) VALUES ('SI302', 'V', '251');
INSERT INTO CursoSeccion (Codigo_Curso, Letra_Seccion, Relativo) VALUES ('SI302', 'W', '251');
INSERT INTO CursoSeccion (Codigo_Curso, Letra_Seccion, Relativo) VALUES ('SI302', 'X', '251');
INSERT INTO CursoSeccion (Codigo_Curso, Letra_Seccion, Relativo) VALUES ('SI401', 'U', '251');
INSERT INTO CursoSeccion (Codigo_Curso, Letra_Seccion, Relativo) VALUES ('SI401', 'V', '251');
INSERT INTO CursoSeccion (Codigo_Curso, Letra_Seccion, Relativo) VALUES ('SI401', 'W', '251');
INSERT INTO CursoSeccion (Codigo_Curso, Letra_Seccion, Relativo) VALUES ('SI403', 'U', '251');
INSERT INTO CursoSeccion (Codigo_Curso, Letra_Seccion, Relativo) VALUES ('SI403', 'V', '251');
INSERT INTO CursoSeccion (Codigo_Curso, Letra_Seccion, Relativo) VALUES ('SI405', 'U', '251');
INSERT INTO CursoSeccion (Codigo_Curso, Letra_Seccion, Relativo) VALUES ('SI405', 'V', '251');
INSERT INTO CursoSeccion (Codigo_Curso, Letra_Seccion, Relativo) VALUES ('SI405', 'W', '251');
INSERT INTO CursoSeccion (Codigo_Curso, Letra_Seccion, Relativo) VALUES ('SI501', 'U', '251');
INSERT INTO CursoSeccion (Codigo_Curso, Letra_Seccion, Relativo) VALUES ('SI501', 'V', '251');
INSERT INTO CursoSeccion (Codigo_Curso, Letra_Seccion, Relativo) VALUES ('SI501', 'W', '251');
INSERT INTO CursoSeccion (Codigo_Curso, Letra_Seccion, Relativo) VALUES ('SI501', 'X', '251');
INSERT INTO CursoSeccion (Codigo_Curso, Letra_Seccion, Relativo) VALUES ('SI501', 'Y', '251');
INSERT INTO CursoSeccion (Codigo_Curso, Letra_Seccion, Relativo) VALUES ('SI503', 'U', '251');
INSERT INTO CursoSeccion (Codigo_Curso, Letra_Seccion, Relativo) VALUES ('SI503', 'V', '251');
INSERT INTO CursoSeccion (Codigo_Curso, Letra_Seccion, Relativo) VALUES ('SI503', 'W', '251');
INSERT INTO CursoSeccion (Codigo_Curso, Letra_Seccion, Relativo) VALUES ('SI503', 'X', '251');
INSERT INTO CursoSeccion (Codigo_Curso, Letra_Seccion, Relativo) VALUES ('SI505', 'U', '251');
INSERT INTO CursoSeccion (Codigo_Curso, Letra_Seccion, Relativo) VALUES ('SI505', 'V', '251');
INSERT INTO CursoSeccion (Codigo_Curso, Letra_Seccion, Relativo) VALUES ('SI601', 'U', '251');
INSERT INTO CursoSeccion (Codigo_Curso, Letra_Seccion, Relativo) VALUES ('SI601', 'V', '251');
INSERT INTO CursoSeccion (Codigo_Curso, Letra_Seccion, Relativo) VALUES ('SI601', 'W', '251');
INSERT INTO CursoSeccion (Codigo_Curso, Letra_Seccion, Relativo) VALUES ('SI602', 'U', '251');
INSERT INTO CursoSeccion (Codigo_Curso, Letra_Seccion, Relativo) VALUES ('SI602', 'V', '251');
INSERT INTO CursoSeccion (Codigo_Curso, Letra_Seccion, Relativo) VALUES ('SI602', 'W', '251');
INSERT INTO CursoSeccion (Codigo_Curso, Letra_Seccion, Relativo) VALUES ('SI603', 'U', '251');
INSERT INTO CursoSeccion (Codigo_Curso, Letra_Seccion, Relativo) VALUES ('SI603', 'V', '251');
INSERT INTO CursoSeccion (Codigo_Curso, Letra_Seccion, Relativo) VALUES ('SI604', 'U', '251');
INSERT INTO CursoSeccion (Codigo_Curso, Letra_Seccion, Relativo) VALUES ('SI604', 'V', '251');
INSERT INTO CursoSeccion (Codigo_Curso, Letra_Seccion, Relativo) VALUES ('SI605', 'U', '251');
INSERT INTO CursoSeccion (Codigo_Curso, Letra_Seccion, Relativo) VALUES ('SI605', 'V', '251');
INSERT INTO CursoSeccion (Codigo_Curso, Letra_Seccion, Relativo) VALUES ('SI607', 'U', '251');
INSERT INTO CursoSeccion (Codigo_Curso, Letra_Seccion, Relativo) VALUES ('SI607', 'V', '251');
INSERT INTO CursoSeccion (Codigo_Curso, Letra_Seccion, Relativo) VALUES ('SI701', 'U', '251');
INSERT INTO CursoSeccion (Codigo_Curso, Letra_Seccion, Relativo) VALUES ('SI701', 'V', '251');
INSERT INTO CursoSeccion (Codigo_Curso, Letra_Seccion, Relativo) VALUES ('SI701', 'W', '251');
INSERT INTO CursoSeccion (Codigo_Curso, Letra_Seccion, Relativo) VALUES ('SI702', 'U', '251');
INSERT INTO CursoSeccion (Codigo_Curso, Letra_Seccion, Relativo) VALUES ('SI702', 'V', '251');
INSERT INTO CursoSeccion (Codigo_Curso, Letra_Seccion, Relativo) VALUES ('SI704', 'U', '251');
INSERT INTO CursoSeccion (Codigo_Curso, Letra_Seccion, Relativo) VALUES ('SI704', 'V', '251');
INSERT INTO CursoSeccion (Codigo_Curso, Letra_Seccion, Relativo) VALUES ('SI705', 'U', '251');
INSERT INTO CursoSeccion (Codigo_Curso, Letra_Seccion, Relativo) VALUES ('SI705', 'V', '251');
INSERT INTO CursoSeccion (Codigo_Curso, Letra_Seccion, Relativo) VALUES ('SI707', 'U', '251');
INSERT INTO CursoSeccion (Codigo_Curso, Letra_Seccion, Relativo) VALUES ('SI707', 'V', '251');
INSERT INTO CursoSeccion (Codigo_Curso, Letra_Seccion, Relativo) VALUES ('SI801', 'U', '251');
INSERT INTO CursoSeccion (Codigo_Curso, Letra_Seccion, Relativo) VALUES ('SI801', 'V', '251');
INSERT INTO CursoSeccion (Codigo_Curso, Letra_Seccion, Relativo) VALUES ('SI805', 'U', '251');
INSERT INTO CursoSeccion (Codigo_Curso, Letra_Seccion, Relativo) VALUES ('SI806', 'U', '251');
INSERT INTO CursoSeccion (Codigo_Curso, Letra_Seccion, Relativo) VALUES ('SI806', 'V', '251');
INSERT INTO CursoSeccion (Codigo_Curso, Letra_Seccion, Relativo) VALUES ('SI807', 'U', '251');
INSERT INTO CursoSeccion (Codigo_Curso, Letra_Seccion, Relativo) VALUES ('SI902', 'U', '251');
INSERT INTO CursoSeccion (Codigo_Curso, Letra_Seccion, Relativo) VALUES ('SI902', 'V', '251');
INSERT INTO CursoSeccion (Codigo_Curso, Letra_Seccion, Relativo) VALUES ('SI903', 'U', '251');
INSERT INTO CursoSeccion (Codigo_Curso, Letra_Seccion, Relativo) VALUES ('SI904', 'U', '251');
INSERT INTO CursoSeccion (Codigo_Curso, Letra_Seccion, Relativo) VALUES ('SI904', 'V', '251');
INSERT INTO CursoSeccion (Codigo_Curso, Letra_Seccion, Relativo) VALUES ('SI905', 'U', '251');
INSERT INTO CursoSeccion (Codigo_Curso, Letra_Seccion, Relativo) VALUES ('SI905', 'V', '251');
INSERT INTO CursoSeccion (Codigo_Curso, Letra_Seccion, Relativo) VALUES ('SI905', 'W', '251');
INSERT INTO CursoSeccion (Codigo_Curso, Letra_Seccion, Relativo) VALUES ('SI905', 'X', '251');
INSERT INTO CursoSeccion (Codigo_Curso, Letra_Seccion, Relativo) VALUES ('ST114', 'U', '251');
INSERT INTO CursoSeccion (Codigo_Curso, Letra_Seccion, Relativo) VALUES ('ST114', 'V', '251');
INSERT INTO CursoSeccion (Codigo_Curso, Letra_Seccion, Relativo) VALUES ('ST124', 'U', '251');
INSERT INTO CursoSeccion (Codigo_Curso, Letra_Seccion, Relativo) VALUES ('ST150', 'U', '251');
INSERT INTO CursoSeccion (Codigo_Curso, Letra_Seccion, Relativo) VALUES ('ST224', 'V', '251');
INSERT INTO CursoSeccion (Codigo_Curso, Letra_Seccion, Relativo) VALUES ('ST236', 'W', '251');
INSERT INTO CursoSeccion (Codigo_Curso, Letra_Seccion, Relativo) VALUES ('ST275', 'U', '251');
INSERT INTO CursoSeccion (Codigo_Curso, Letra_Seccion, Relativo) VALUES ('ST285', 'V', '251');
INSERT INTO CursoSeccion (Codigo_Curso, Letra_Seccion, Relativo) VALUES ('ST295', 'V', '251');
INSERT INTO CursoSeccion (Codigo_Curso, Letra_Seccion, Relativo) VALUES ('ST702', 'V', '251');
INSERT INTO CursoSeccion (Codigo_Curso, Letra_Seccion, Relativo) VALUES ('SW101', 'U', '251');
INSERT INTO CursoSeccion (Codigo_Curso, Letra_Seccion, Relativo) VALUES ('SW101', 'V', '251');
INSERT INTO CursoSeccion (Codigo_Curso, Letra_Seccion, Relativo) VALUES ('SW301', 'U', '251');
INSERT INTO CursoSeccion (Codigo_Curso, Letra_Seccion, Relativo) VALUES ('SW303', 'U', '251');
INSERT INTO CursoSeccion (Codigo_Curso, Letra_Seccion, Relativo) VALUES ('SW305', 'U', '251');
INSERT INTO CursoSeccion (Codigo_Curso, Letra_Seccion, Relativo) VALUES ('SW401', 'U', '251');
INSERT INTO CursoSeccion (Codigo_Curso, Letra_Seccion, Relativo) VALUES ('SW403', 'U', '251');
INSERT INTO CursoSeccion (Codigo_Curso, Letra_Seccion, Relativo) VALUES ('SW405', 'U', '251');
INSERT INTO CursoSeccion (Codigo_Curso, Letra_Seccion, Relativo) VALUES ('SW407', 'U', '251');
INSERT INTO CursoSeccion (Codigo_Curso, Letra_Seccion, Relativo) VALUES ('TE101', 'U', '251');
INSERT INTO CursoSeccion (Codigo_Curso, Letra_Seccion, Relativo) VALUES ('TE101', 'V', '251');
INSERT INTO CursoSeccion (Codigo_Curso, Letra_Seccion, Relativo) VALUES ('TE101', 'W', '251');
INSERT INTO CursoSeccion (Codigo_Curso, Letra_Seccion, Relativo) VALUES ('TE111', 'U', '251');
INSERT INTO CursoSeccion (Codigo_Curso, Letra_Seccion, Relativo) VALUES ('TE121', 'U', '251');
INSERT INTO CursoSeccion (Codigo_Curso, Letra_Seccion, Relativo) VALUES ('TE122', 'U', '251');
INSERT INTO CursoSeccion (Codigo_Curso, Letra_Seccion, Relativo) VALUES ('TE124', 'U', '251');
INSERT INTO CursoSeccion (Codigo_Curso, Letra_Seccion, Relativo) VALUES ('TE126', 'U', '251');
INSERT INTO CursoSeccion (Codigo_Curso, Letra_Seccion, Relativo) VALUES ('TE205', 'U', '251');
INSERT INTO CursoSeccion (Codigo_Curso, Letra_Seccion, Relativo) VALUES ('TE205', 'V', '251');
INSERT INTO CursoSeccion (Codigo_Curso, Letra_Seccion, Relativo) VALUES ('TE301', 'U', '251');
INSERT INTO CursoSeccion (Codigo_Curso, Letra_Seccion, Relativo) VALUES ('TE301', 'V', '251');
INSERT INTO CursoSeccion (Codigo_Curso, Letra_Seccion, Relativo) VALUES ('TE301', 'W', '251');
INSERT INTO CursoSeccion (Codigo_Curso, Letra_Seccion, Relativo) VALUES ('TE302', 'U', '251');
INSERT INTO CursoSeccion (Codigo_Curso, Letra_Seccion, Relativo) VALUES ('TE302', 'V', '251');
INSERT INTO CursoSeccion (Codigo_Curso, Letra_Seccion, Relativo) VALUES ('TE302', 'W', '251');
INSERT INTO CursoSeccion (Codigo_Curso, Letra_Seccion, Relativo) VALUES ('TE401', 'U', '251');
INSERT INTO CursoSeccion (Codigo_Curso, Letra_Seccion, Relativo) VALUES ('TE401', 'V', '251');
INSERT INTO CursoSeccion (Codigo_Curso, Letra_Seccion, Relativo) VALUES ('TE501', 'U', '251');
INSERT INTO CursoSeccion (Codigo_Curso, Letra_Seccion, Relativo) VALUES ('TE501', 'V', '251');
INSERT INTO CursoSeccion (Codigo_Curso, Letra_Seccion, Relativo) VALUES ('TE503', 'U', '251');
INSERT INTO CursoSeccion (Codigo_Curso, Letra_Seccion, Relativo) VALUES ('TE503', 'V', '251');
INSERT INTO CursoSeccion (Codigo_Curso, Letra_Seccion, Relativo) VALUES ('TE601', 'U', '251');
INSERT INTO CursoSeccion (Codigo_Curso, Letra_Seccion, Relativo) VALUES ('TE601', 'V', '251');
INSERT INTO CursoSeccion (Codigo_Curso, Letra_Seccion, Relativo) VALUES ('TE601', 'W', '251');
INSERT INTO CursoSeccion (Codigo_Curso, Letra_Seccion, Relativo) VALUES ('TE602', 'U', '251');
INSERT INTO CursoSeccion (Codigo_Curso, Letra_Seccion, Relativo) VALUES ('TE602', 'V', '251');
INSERT INTO CursoSeccion (Codigo_Curso, Letra_Seccion, Relativo) VALUES ('TE602', 'W', '251');
INSERT INTO CursoSeccion (Codigo_Curso, Letra_Seccion, Relativo) VALUES ('TE603', 'U', '251');
INSERT INTO CursoSeccion (Codigo_Curso, Letra_Seccion, Relativo) VALUES ('TE603', 'V', '251');
INSERT INTO CursoSeccion (Codigo_Curso, Letra_Seccion, Relativo) VALUES ('TE604', 'U', '251');
INSERT INTO CursoSeccion (Codigo_Curso, Letra_Seccion, Relativo) VALUES ('TE604', 'V', '251');
INSERT INTO CursoSeccion (Codigo_Curso, Letra_Seccion, Relativo) VALUES ('TE701', 'U', '251');
INSERT INTO CursoSeccion (Codigo_Curso, Letra_Seccion, Relativo) VALUES ('TE701', 'V', '251');
INSERT INTO CursoSeccion (Codigo_Curso, Letra_Seccion, Relativo) VALUES ('TE801', 'U', '251');
INSERT INTO CursoSeccion (Codigo_Curso, Letra_Seccion, Relativo) VALUES ('TE801', 'V', '251');
INSERT INTO CursoSeccion (Codigo_Curso, Letra_Seccion, Relativo) VALUES ('TE802', 'U', '251');
INSERT INTO CursoSeccion (Codigo_Curso, Letra_Seccion, Relativo) VALUES ('TE802', 'V', '251');
INSERT INTO CursoSeccion (Codigo_Curso, Letra_Seccion, Relativo) VALUES ('TE803', 'U', '251');
INSERT INTO CursoSeccion (Codigo_Curso, Letra_Seccion, Relativo) VALUES ('TE803', 'V', '251');
INSERT INTO CursoSeccion (Codigo_Curso, Letra_Seccion, Relativo) VALUES ('TE901', 'U', '251');
INSERT INTO CursoSeccion (Codigo_Curso, Letra_Seccion, Relativo) VALUES ('TE901', 'V', '251');
INSERT INTO CursoSeccion (Codigo_Curso, Letra_Seccion, Relativo) VALUES ('TP314', 'U', '251');
Carga de datos al 23/05/2025
INSERT INTO CursoSeccion (Codigo_Curso, Letra_Seccion, Relativo) VALUES ('BEF01', 'V', '242');
INSERT INTO CursoSeccion (Codigo_Curso, Letra_Seccion, Relativo) VALUES ('BEF01', 'W', '242');
INSERT INTO CursoSeccion (Codigo_Curso, Letra_Seccion, Relativo) VALUES ('BEF01', 'X', '242');
INSERT INTO CursoSeccion (Codigo_Curso, Letra_Seccion, Relativo) VALUES ('BEF01', 'Y', '242');
INSERT INTO CursoSeccion (Codigo_Curso, Letra_Seccion, Relativo) VALUES ('BEG01', 'U', '242');
INSERT INTO CursoSeccion (Codigo_Curso, Letra_Seccion, Relativo) VALUES ('BEG01', 'V', '242');
INSERT INTO CursoSeccion (Codigo_Curso, Letra_Seccion, Relativo) VALUES ('BEG01', 'W', '242');
INSERT INTO CursoSeccion (Codigo_Curso, Letra_Seccion, Relativo) VALUES ('BEG01', 'X', '242');
INSERT INTO CursoSeccion (Codigo_Curso, Letra_Seccion, Relativo) VALUES ('BEG01', 'Y', '242');
INSERT INTO CursoSeccion (Codigo_Curso, Letra_Seccion, Relativo) VALUES ('BFI01', 'U', '242');
INSERT INTO CursoSeccion (Codigo_Curso, Letra_Seccion, Relativo) VALUES ('BFI01', 'V', '242');
INSERT INTO CursoSeccion (Codigo_Curso, Letra_Seccion, Relativo) VALUES ('BFI01', 'W', '242');
INSERT INTO CursoSeccion (Codigo_Curso, Letra_Seccion, Relativo) VALUES ('BFI01', 'X', '242');
INSERT INTO CursoSeccion (Codigo_Curso, Letra_Seccion, Relativo) VALUES ('BFI01', 'Y', '242');
INSERT INTO CursoSeccion (Codigo_Curso, Letra_Seccion, Relativo) VALUES ('BFI01', 'Z', '242');
INSERT INTO CursoSeccion (Codigo_Curso, Letra_Seccion, Relativo) VALUES ('BIC01', 'A', '242');
INSERT INTO CursoSeccion (Codigo_Curso, Letra_Seccion, Relativo) VALUES ('BIC01', 'U', '242');
INSERT INTO CursoSeccion (Codigo_Curso, Letra_Seccion, Relativo) VALUES ('BIC01', 'W', '242');
INSERT INTO CursoSeccion (Codigo_Curso, Letra_Seccion, Relativo) VALUES ('BIC01', 'X', '242');
INSERT INTO CursoSeccion (Codigo_Curso, Letra_Seccion, Relativo) VALUES ('BIC01', 'Y', '242');
INSERT INTO CursoSeccion (Codigo_Curso, Letra_Seccion, Relativo) VALUES ('BIC01', 'Z', '242');
INSERT INTO CursoSeccion (Codigo_Curso, Letra_Seccion, Relativo) VALUES ('BMA01', 'U', '242');
INSERT INTO CursoSeccion (Codigo_Curso, Letra_Seccion, Relativo) VALUES ('BMA01', 'V', '242');
INSERT INTO CursoSeccion (Codigo_Curso, Letra_Seccion, Relativo) VALUES ('BMA01', 'W', '242');
INSERT INTO CursoSeccion (Codigo_Curso, Letra_Seccion, Relativo) VALUES ('BMA01', 'X', '242');
INSERT INTO CursoSeccion (Codigo_Curso, Letra_Seccion, Relativo) VALUES ('BMA01', 'Y', '242');
INSERT INTO CursoSeccion (Codigo_Curso, Letra_Seccion, Relativo) VALUES ('BMA01', 'Z', '242');
INSERT INTO CursoSeccion (Codigo_Curso, Letra_Seccion, Relativo) VALUES ('BMA02', 'U', '242');
INSERT INTO CursoSeccion (Codigo_Curso, Letra_Seccion, Relativo) VALUES ('BMA02', 'V', '242');
INSERT INTO CursoSeccion (Codigo_Curso, Letra_Seccion, Relativo) VALUES ('BMA02', 'W', '242');
INSERT INTO CursoSeccion (Codigo_Curso, Letra_Seccion, Relativo) VALUES ('BMA02', 'X', '242');
INSERT INTO CursoSeccion (Codigo_Curso, Letra_Seccion, Relativo) VALUES ('BMA02', 'Y', '242');
INSERT INTO CursoSeccion (Codigo_Curso, Letra_Seccion, Relativo) VALUES ('BMA03', 'U', '242');
INSERT INTO CursoSeccion (Codigo_Curso, Letra_Seccion, Relativo) VALUES ('BMA03', 'V', '242');
INSERT INTO CursoSeccion (Codigo_Curso, Letra_Seccion, Relativo) VALUES ('BMA03', 'W', '242');
INSERT INTO CursoSeccion (Codigo_Curso, Letra_Seccion, Relativo) VALUES ('BMA03', 'X', '242');
INSERT INTO CursoSeccion (Codigo_Curso, Letra_Seccion, Relativo) VALUES ('BMA03', 'Y', '242');
INSERT INTO CursoSeccion (Codigo_Curso, Letra_Seccion, Relativo) VALUES ('BMA03', 'Z', '242');
INSERT INTO CursoSeccion (Codigo_Curso, Letra_Seccion, Relativo) VALUES ('BQU01', 'A', '242');
INSERT INTO CursoSeccion (Codigo_Curso, Letra_Seccion, Relativo) VALUES ('BQU01', 'B', '242');
INSERT INTO CursoSeccion (Codigo_Curso, Letra_Seccion, Relativo) VALUES ('BQU01', 'U', '242');
INSERT INTO CursoSeccion (Codigo_Curso, Letra_Seccion, Relativo) VALUES ('BQU01', 'V', '242');
INSERT INTO CursoSeccion (Codigo_Curso, Letra_Seccion, Relativo) VALUES ('BQU01', 'W', '242');
INSERT INTO CursoSeccion (Codigo_Curso, Letra_Seccion, Relativo) VALUES ('BQU01', 'X', '242');
INSERT INTO CursoSeccion (Codigo_Curso, Letra_Seccion, Relativo) VALUES ('BQU01', 'Y', '242');
INSERT INTO CursoSeccion (Codigo_Curso, Letra_Seccion, Relativo) VALUES ('BQU01', 'Z', '242');
INSERT INTO CursoSeccion (Codigo_Curso, Letra_Seccion, Relativo) VALUES ('BRC01', 'U', '242');
INSERT INTO CursoSeccion (Codigo_Curso, Letra_Seccion, Relativo) VALUES ('BRC01', 'V', '242');
INSERT INTO CursoSeccion (Codigo_Curso, Letra_Seccion, Relativo) VALUES ('BRC01', 'W', '242');
INSERT INTO CursoSeccion (Codigo_Curso, Letra_Seccion, Relativo) VALUES ('BRC01', 'X', '242');
INSERT INTO CursoSeccion (Codigo_Curso, Letra_Seccion, Relativo) VALUES ('BRC01', 'Z', '242');
INSERT INTO CursoSeccion (Codigo_Curso, Letra_Seccion, Relativo) VALUES ('BRN01', 'U', '242');
INSERT INTO CursoSeccion (Codigo_Curso, Letra_Seccion, Relativo) VALUES ('BRN01', 'V', '242');
INSERT INTO CursoSeccion (Codigo_Curso, Letra_Seccion, Relativo) VALUES ('BRN01', 'W', '242');
INSERT INTO CursoSeccion (Codigo_Curso, Letra_Seccion, Relativo) VALUES ('BRN01', 'X', '242');
INSERT INTO CursoSeccion (Codigo_Curso, Letra_Seccion, Relativo) VALUES ('BRN01', 'Y', '242');
INSERT INTO CursoSeccion (Codigo_Curso, Letra_Seccion, Relativo) VALUES ('FB101', 'A', '242');
INSERT INTO CursoSeccion (Codigo_Curso, Letra_Seccion, Relativo) VALUES ('FB101', 'B', '242');
INSERT INTO CursoSeccion (Codigo_Curso, Letra_Seccion, Relativo) VALUES ('FB101', 'U', '242');
INSERT INTO CursoSeccion (Codigo_Curso, Letra_Seccion, Relativo) VALUES ('FB101', 'V', '242');
INSERT INTO CursoSeccion (Codigo_Curso, Letra_Seccion, Relativo) VALUES ('FB101', 'W', '242');
INSERT INTO CursoSeccion (Codigo_Curso, Letra_Seccion, Relativo) VALUES ('FB101', 'X', '242');
INSERT INTO CursoSeccion (Codigo_Curso, Letra_Seccion, Relativo) VALUES ('FB101', 'Y', '242');
INSERT INTO CursoSeccion (Codigo_Curso, Letra_Seccion, Relativo) VALUES ('FB101', 'Z', '242');
INSERT INTO CursoSeccion (Codigo_Curso, Letra_Seccion, Relativo) VALUES ('FB202', 'U', '242');
INSERT INTO CursoSeccion (Codigo_Curso, Letra_Seccion, Relativo) VALUES ('FB202', 'V', '242');
INSERT INTO CursoSeccion (Codigo_Curso, Letra_Seccion, Relativo) VALUES ('FB202', 'W', '242');
INSERT INTO CursoSeccion (Codigo_Curso, Letra_Seccion, Relativo) VALUES ('FB301', 'U', '242');
INSERT INTO CursoSeccion (Codigo_Curso, Letra_Seccion, Relativo) VALUES ('FB301', 'V', '242');
INSERT INTO CursoSeccion (Codigo_Curso, Letra_Seccion, Relativo) VALUES ('FB301', 'W', '242');
INSERT INTO CursoSeccion (Codigo_Curso, Letra_Seccion, Relativo) VALUES ('FB301', 'X', '242');
INSERT INTO CursoSeccion (Codigo_Curso, Letra_Seccion, Relativo) VALUES ('FB301', 'Y', '242');
INSERT INTO CursoSeccion (Codigo_Curso, Letra_Seccion, Relativo) VALUES ('FB301', 'Z', '242');
INSERT INTO CursoSeccion (Codigo_Curso, Letra_Seccion, Relativo) VALUES ('FB303', 'U', '242');
INSERT INTO CursoSeccion (Codigo_Curso, Letra_Seccion, Relativo) VALUES ('FB303', 'V', '242');
INSERT INTO CursoSeccion (Codigo_Curso, Letra_Seccion, Relativo) VALUES ('FB303', 'W', '242');
INSERT INTO CursoSeccion (Codigo_Curso, Letra_Seccion, Relativo) VALUES ('FB303', 'X', '242');
INSERT INTO CursoSeccion (Codigo_Curso, Letra_Seccion, Relativo) VALUES ('FB303', 'Y', '242');
INSERT INTO CursoSeccion (Codigo_Curso, Letra_Seccion, Relativo) VALUES ('FB305', 'U', '242');
INSERT INTO CursoSeccion (Codigo_Curso, Letra_Seccion, Relativo) VALUES ('FB305', 'V', '242');
INSERT INTO CursoSeccion (Codigo_Curso, Letra_Seccion, Relativo) VALUES ('FB305', 'W', '242');
INSERT INTO CursoSeccion (Codigo_Curso, Letra_Seccion, Relativo) VALUES ('FB305', 'X', '242');
INSERT INTO CursoSeccion (Codigo_Curso, Letra_Seccion, Relativo) VALUES ('FB305', 'Y', '242');
INSERT INTO CursoSeccion (Codigo_Curso, Letra_Seccion, Relativo) VALUES ('FB401', 'A', '242');
INSERT INTO CursoSeccion (Codigo_Curso, Letra_Seccion, Relativo) VALUES ('FB401', 'U', '242');
INSERT INTO CursoSeccion (Codigo_Curso, Letra_Seccion, Relativo) VALUES ('FB401', 'V', '242');
INSERT INTO CursoSeccion (Codigo_Curso, Letra_Seccion, Relativo) VALUES ('FB401', 'W', '242');
INSERT INTO CursoSeccion (Codigo_Curso, Letra_Seccion, Relativo) VALUES ('FB401', 'X', '242');
INSERT INTO CursoSeccion (Codigo_Curso, Letra_Seccion, Relativo) VALUES ('FB401', 'Y', '242');
INSERT INTO CursoSeccion (Codigo_Curso, Letra_Seccion, Relativo) VALUES ('FB401', 'Z', '242');
INSERT INTO CursoSeccion (Codigo_Curso, Letra_Seccion, Relativo) VALUES ('FB402', 'U', '242');
INSERT INTO CursoSeccion (Codigo_Curso, Letra_Seccion, Relativo) VALUES ('FB402', 'V', '242');
INSERT INTO CursoSeccion (Codigo_Curso, Letra_Seccion, Relativo) VALUES ('FB403', 'U', '242');
INSERT INTO CursoSeccion (Codigo_Curso, Letra_Seccion, Relativo) VALUES ('FB403', 'V', '242');
INSERT INTO CursoSeccion (Codigo_Curso, Letra_Seccion, Relativo) VALUES ('FB403', 'W', '242');
INSERT INTO CursoSeccion (Codigo_Curso, Letra_Seccion, Relativo) VALUES ('FB403', 'Y', '242');
INSERT INTO CursoSeccion (Codigo_Curso, Letra_Seccion, Relativo) VALUES ('FB405', 'U', '242');
INSERT INTO CursoSeccion (Codigo_Curso, Letra_Seccion, Relativo) VALUES ('FB405', 'V', '242');
INSERT INTO CursoSeccion (Codigo_Curso, Letra_Seccion, Relativo) VALUES ('FB501', 'U', '242');
INSERT INTO CursoSeccion (Codigo_Curso, Letra_Seccion, Relativo) VALUES ('FB501', 'V', '242');
INSERT INTO CursoSeccion (Codigo_Curso, Letra_Seccion, Relativo) VALUES ('GE001', 'U', '242');
INSERT INTO CursoSeccion (Codigo_Curso, Letra_Seccion, Relativo) VALUES ('GE001', 'V', '242');
INSERT INTO CursoSeccion (Codigo_Curso, Letra_Seccion, Relativo) VALUES ('GE101', 'U', '242');
INSERT INTO CursoSeccion (Codigo_Curso, Letra_Seccion, Relativo) VALUES ('GE101', 'V', '242');
INSERT INTO CursoSeccion (Codigo_Curso, Letra_Seccion, Relativo) VALUES ('GE112', 'U', '242');
INSERT INTO CursoSeccion (Codigo_Curso, Letra_Seccion, Relativo) VALUES ('GE112', 'V', '242');
INSERT INTO CursoSeccion (Codigo_Curso, Letra_Seccion, Relativo) VALUES ('GE121', 'U', '242');
INSERT INTO CursoSeccion (Codigo_Curso, Letra_Seccion, Relativo) VALUES ('GE122', 'U', '242');
INSERT INTO CursoSeccion (Codigo_Curso, Letra_Seccion, Relativo) VALUES ('GE124', 'U', '242');
INSERT INTO CursoSeccion (Codigo_Curso, Letra_Seccion, Relativo) VALUES ('GE128', 'U', '242');
INSERT INTO CursoSeccion (Codigo_Curso, Letra_Seccion, Relativo) VALUES ('GE501', 'U', '242');
INSERT INTO CursoSeccion (Codigo_Curso, Letra_Seccion, Relativo) VALUES ('GE501', 'V', '242');
INSERT INTO CursoSeccion (Codigo_Curso, Letra_Seccion, Relativo) VALUES ('GE502', 'U', '242');
INSERT INTO CursoSeccion (Codigo_Curso, Letra_Seccion, Relativo) VALUES ('GE502', 'V', '242');
INSERT INTO CursoSeccion (Codigo_Curso, Letra_Seccion, Relativo) VALUES ('GE502', 'W', '242');
INSERT INTO CursoSeccion (Codigo_Curso, Letra_Seccion, Relativo) VALUES ('GE602', 'U', '242');
INSERT INTO CursoSeccion (Codigo_Curso, Letra_Seccion, Relativo) VALUES ('GE602', 'V', '242');
INSERT INTO CursoSeccion (Codigo_Curso, Letra_Seccion, Relativo) VALUES ('GE602', 'W', '242');
INSERT INTO CursoSeccion (Codigo_Curso, Letra_Seccion, Relativo) VALUES ('GE603', 'U', '242');
INSERT INTO CursoSeccion (Codigo_Curso, Letra_Seccion, Relativo) VALUES ('GE603', 'V', '242');
INSERT INTO CursoSeccion (Codigo_Curso, Letra_Seccion, Relativo) VALUES ('GE604', 'U', '242');
INSERT INTO CursoSeccion (Codigo_Curso, Letra_Seccion, Relativo) VALUES ('GE604', 'V', '242');
INSERT INTO CursoSeccion (Codigo_Curso, Letra_Seccion, Relativo) VALUES ('GE604', 'W', '242');
INSERT INTO CursoSeccion (Codigo_Curso, Letra_Seccion, Relativo) VALUES ('GE605', 'U', '242');
INSERT INTO CursoSeccion (Codigo_Curso, Letra_Seccion, Relativo) VALUES ('GE605', 'V', '242');
INSERT INTO CursoSeccion (Codigo_Curso, Letra_Seccion, Relativo) VALUES ('GE701', 'U', '242');
INSERT INTO CursoSeccion (Codigo_Curso, Letra_Seccion, Relativo) VALUES ('GE701', 'V', '242');
INSERT INTO CursoSeccion (Codigo_Curso, Letra_Seccion, Relativo) VALUES ('GE702', 'U', '242');
INSERT INTO CursoSeccion (Codigo_Curso, Letra_Seccion, Relativo) VALUES ('GE702', 'V', '242');
INSERT INTO CursoSeccion (Codigo_Curso, Letra_Seccion, Relativo) VALUES ('GE703', 'U', '242');
INSERT INTO CursoSeccion (Codigo_Curso, Letra_Seccion, Relativo) VALUES ('GE703', 'V', '242');
INSERT INTO CursoSeccion (Codigo_Curso, Letra_Seccion, Relativo) VALUES ('GE704', 'U', '242');
INSERT INTO CursoSeccion (Codigo_Curso, Letra_Seccion, Relativo) VALUES ('GE704', 'V', '242');
INSERT INTO CursoSeccion (Codigo_Curso, Letra_Seccion, Relativo) VALUES ('GE709', 'U', '242');
INSERT INTO CursoSeccion (Codigo_Curso, Letra_Seccion, Relativo) VALUES ('GE801', 'U', '242');
INSERT INTO CursoSeccion (Codigo_Curso, Letra_Seccion, Relativo) VALUES ('GE801', 'V', '242');
INSERT INTO CursoSeccion (Codigo_Curso, Letra_Seccion, Relativo) VALUES ('GE801', 'W', '242');
INSERT INTO CursoSeccion (Codigo_Curso, Letra_Seccion, Relativo) VALUES ('GE801', 'X', '242');
INSERT INTO CursoSeccion (Codigo_Curso, Letra_Seccion, Relativo) VALUES ('GE802', 'U', '242');
INSERT INTO CursoSeccion (Codigo_Curso, Letra_Seccion, Relativo) VALUES ('GE802', 'V', '242');
INSERT INTO CursoSeccion (Codigo_Curso, Letra_Seccion, Relativo) VALUES ('GE803', 'U', '242');
INSERT INTO CursoSeccion (Codigo_Curso, Letra_Seccion, Relativo) VALUES ('GE803', 'V', '242');
INSERT INTO CursoSeccion (Codigo_Curso, Letra_Seccion, Relativo) VALUES ('GE805', 'U', '242');
INSERT INTO CursoSeccion (Codigo_Curso, Letra_Seccion, Relativo) VALUES ('GE805', 'V', '242');
INSERT INTO CursoSeccion (Codigo_Curso, Letra_Seccion, Relativo) VALUES ('GE901', 'U', '242');
INSERT INTO CursoSeccion (Codigo_Curso, Letra_Seccion, Relativo) VALUES ('GE901', 'V', '242');
INSERT INTO CursoSeccion (Codigo_Curso, Letra_Seccion, Relativo) VALUES ('GE902', 'U', '242');
INSERT INTO CursoSeccion (Codigo_Curso, Letra_Seccion, Relativo) VALUES ('GE902', 'V', '242');
INSERT INTO CursoSeccion (Codigo_Curso, Letra_Seccion, Relativo) VALUES ('GE902', 'W', '242');
INSERT INTO CursoSeccion (Codigo_Curso, Letra_Seccion, Relativo) VALUES ('GE902', 'X', '242');
INSERT INTO CursoSeccion (Codigo_Curso, Letra_Seccion, Relativo) VALUES ('GE903', 'U', '242');
INSERT INTO CursoSeccion (Codigo_Curso, Letra_Seccion, Relativo) VALUES ('GE903', 'V', '242');
INSERT INTO CursoSeccion (Codigo_Curso, Letra_Seccion, Relativo) VALUES ('GE903', 'W', '242');
INSERT INTO CursoSeccion (Codigo_Curso, Letra_Seccion, Relativo) VALUES ('GE904', 'U', '242');
INSERT INTO CursoSeccion (Codigo_Curso, Letra_Seccion, Relativo) VALUES ('GE904', 'W', '242');
INSERT INTO CursoSeccion (Codigo_Curso, Letra_Seccion, Relativo) VALUES ('GE904', 'X', '242');
INSERT INTO CursoSeccion (Codigo_Curso, Letra_Seccion, Relativo) VALUES ('GE905', 'U', '242');
INSERT INTO CursoSeccion (Codigo_Curso, Letra_Seccion, Relativo) VALUES ('GE905', 'V', '242');
INSERT INTO CursoSeccion (Codigo_Curso, Letra_Seccion, Relativo) VALUES ('GE906', 'U', '242');
INSERT INTO CursoSeccion (Codigo_Curso, Letra_Seccion, Relativo) VALUES ('GE906', 'W', '242');
INSERT INTO CursoSeccion (Codigo_Curso, Letra_Seccion, Relativo) VALUES ('GP114', 'U', '242');
INSERT INTO CursoSeccion (Codigo_Curso, Letra_Seccion, Relativo) VALUES ('GP134', 'U', '242');
INSERT INTO CursoSeccion (Codigo_Curso, Letra_Seccion, Relativo) VALUES ('GP205', 'U', '242');
INSERT INTO CursoSeccion (Codigo_Curso, Letra_Seccion, Relativo) VALUES ('GP234', 'V', '242');
INSERT INTO CursoSeccion (Codigo_Curso, Letra_Seccion, Relativo) VALUES ('GP235', 'W', '242');
INSERT INTO CursoSeccion (Codigo_Curso, Letra_Seccion, Relativo) VALUES ('GP514', 'U', '242');
INSERT INTO CursoSeccion (Codigo_Curso, Letra_Seccion, Relativo) VALUES ('GP515', 'U', '242');
INSERT INTO CursoSeccion (Codigo_Curso, Letra_Seccion, Relativo) VALUES ('GP525', 'U', '242');
INSERT INTO CursoSeccion (Codigo_Curso, Letra_Seccion, Relativo) VALUES ('GP535', 'U', '242');
INSERT INTO CursoSeccion (Codigo_Curso, Letra_Seccion, Relativo) VALUES ('GP545', 'U', '242');
INSERT INTO CursoSeccion (Codigo_Curso, Letra_Seccion, Relativo) VALUES ('GP545', 'V', '242');
INSERT INTO CursoSeccion (Codigo_Curso, Letra_Seccion, Relativo) VALUES ('GP575', 'U', '242');
INSERT INTO CursoSeccion (Codigo_Curso, Letra_Seccion, Relativo) VALUES ('HS144', 'U', '242');
INSERT INTO CursoSeccion (Codigo_Curso, Letra_Seccion, Relativo) VALUES ('HS204', 'V', '242');
INSERT INTO CursoSeccion (Codigo_Curso, Letra_Seccion, Relativo) VALUES ('HU102', 'U', '242');
INSERT INTO CursoSeccion (Codigo_Curso, Letra_Seccion, Relativo) VALUES ('HU102', 'V', '242');
INSERT INTO CursoSeccion (Codigo_Curso, Letra_Seccion, Relativo) VALUES ('HU102', 'W', '242');
INSERT INTO CursoSeccion (Codigo_Curso, Letra_Seccion, Relativo) VALUES ('HU102', 'X', '242');
INSERT INTO CursoSeccion (Codigo_Curso, Letra_Seccion, Relativo) VALUES ('HU102', 'Y', '242');
INSERT INTO CursoSeccion (Codigo_Curso, Letra_Seccion, Relativo) VALUES ('HU102', 'Z', '242');
INSERT INTO CursoSeccion (Codigo_Curso, Letra_Seccion, Relativo) VALUES ('HU111', 'U', '242');
INSERT INTO CursoSeccion (Codigo_Curso, Letra_Seccion, Relativo) VALUES ('HU111', 'V', '242');
INSERT INTO CursoSeccion (Codigo_Curso, Letra_Seccion, Relativo) VALUES ('HU111', 'W', '242');
INSERT INTO CursoSeccion (Codigo_Curso, Letra_Seccion, Relativo) VALUES ('HU112', 'U', '242');
INSERT INTO CursoSeccion (Codigo_Curso, Letra_Seccion, Relativo) VALUES ('HU201', 'U', '242');
INSERT INTO CursoSeccion (Codigo_Curso, Letra_Seccion, Relativo) VALUES ('HU201', 'V', '242');
INSERT INTO CursoSeccion (Codigo_Curso, Letra_Seccion, Relativo) VALUES ('HU201', 'W', '242');
INSERT INTO CursoSeccion (Codigo_Curso, Letra_Seccion, Relativo) VALUES ('HU301', 'U', '242');
INSERT INTO CursoSeccion (Codigo_Curso, Letra_Seccion, Relativo) VALUES ('HU301', 'V', '242');
INSERT INTO CursoSeccion (Codigo_Curso, Letra_Seccion, Relativo) VALUES ('HU301', 'W', '242');
INSERT INTO CursoSeccion (Codigo_Curso, Letra_Seccion, Relativo) VALUES ('HU301', 'X', '242');
INSERT INTO CursoSeccion (Codigo_Curso, Letra_Seccion, Relativo) VALUES ('HU301', 'Y', '242');
INSERT INTO CursoSeccion (Codigo_Curso, Letra_Seccion, Relativo) VALUES ('HU400', 'U', '242');
INSERT INTO CursoSeccion (Codigo_Curso, Letra_Seccion, Relativo) VALUES ('SI035', 'U', '242');
INSERT INTO CursoSeccion (Codigo_Curso, Letra_Seccion, Relativo) VALUES ('SI035', 'V', '242');
INSERT INTO CursoSeccion (Codigo_Curso, Letra_Seccion, Relativo) VALUES ('SI055', 'U', '242');
INSERT INTO CursoSeccion (Codigo_Curso, Letra_Seccion, Relativo) VALUES ('SI055', 'V', '242');
INSERT INTO CursoSeccion (Codigo_Curso, Letra_Seccion, Relativo) VALUES ('SI075', 'U', '242');
INSERT INTO CursoSeccion (Codigo_Curso, Letra_Seccion, Relativo) VALUES ('SI077', 'U', '242');
INSERT INTO CursoSeccion (Codigo_Curso, Letra_Seccion, Relativo) VALUES ('SI085', 'U', '242');
INSERT INTO CursoSeccion (Codigo_Curso, Letra_Seccion, Relativo) VALUES ('SI085', 'V', '242');
INSERT INTO CursoSeccion (Codigo_Curso, Letra_Seccion, Relativo) VALUES ('SI095', 'U', '242');
INSERT INTO CursoSeccion (Codigo_Curso, Letra_Seccion, Relativo) VALUES ('SI095', 'V', '242');
INSERT INTO CursoSeccion (Codigo_Curso, Letra_Seccion, Relativo) VALUES ('SI101', 'U', '242');
INSERT INTO CursoSeccion (Codigo_Curso, Letra_Seccion, Relativo) VALUES ('SI101', 'V', '242');
INSERT INTO CursoSeccion (Codigo_Curso, Letra_Seccion, Relativo) VALUES ('SI111', 'U', '242');
INSERT INTO CursoSeccion (Codigo_Curso, Letra_Seccion, Relativo) VALUES ('SI111', 'V', '242');
INSERT INTO CursoSeccion (Codigo_Curso, Letra_Seccion, Relativo) VALUES ('SI114', 'U', '242');
INSERT INTO CursoSeccion (Codigo_Curso, Letra_Seccion, Relativo) VALUES ('SI130', 'U', '242');
INSERT INTO CursoSeccion (Codigo_Curso, Letra_Seccion, Relativo) VALUES ('SI150', 'U', '242');
INSERT INTO CursoSeccion (Codigo_Curso, Letra_Seccion, Relativo) VALUES ('SI150', 'V', '242');
INSERT INTO CursoSeccion (Codigo_Curso, Letra_Seccion, Relativo) VALUES ('SI155', 'U', '242');
INSERT INTO CursoSeccion (Codigo_Curso, Letra_Seccion, Relativo) VALUES ('SI201', 'U', '242');
INSERT INTO CursoSeccion (Codigo_Curso, Letra_Seccion, Relativo) VALUES ('SI201', 'V', '242');
INSERT INTO CursoSeccion (Codigo_Curso, Letra_Seccion, Relativo) VALUES ('SI203', 'U', '242');
INSERT INTO CursoSeccion (Codigo_Curso, Letra_Seccion, Relativo) VALUES ('SI203', 'V', '242');
INSERT INTO CursoSeccion (Codigo_Curso, Letra_Seccion, Relativo) VALUES ('SI203', 'W', '242');
INSERT INTO CursoSeccion (Codigo_Curso, Letra_Seccion, Relativo) VALUES ('SI203', 'X', '242');
INSERT INTO CursoSeccion (Codigo_Curso, Letra_Seccion, Relativo) VALUES ('SI204', 'U', '242');
INSERT INTO CursoSeccion (Codigo_Curso, Letra_Seccion, Relativo) VALUES ('SI204', 'V', '242');
INSERT INTO CursoSeccion (Codigo_Curso, Letra_Seccion, Relativo) VALUES ('SI204', 'W', '242');
INSERT INTO CursoSeccion (Codigo_Curso, Letra_Seccion, Relativo) VALUES ('SI205', 'U', '242');
INSERT INTO CursoSeccion (Codigo_Curso, Letra_Seccion, Relativo) VALUES ('SI205', 'V', '242');
INSERT INTO CursoSeccion (Codigo_Curso, Letra_Seccion, Relativo) VALUES ('SI205', 'W', '242');
INSERT INTO CursoSeccion (Codigo_Curso, Letra_Seccion, Relativo) VALUES ('SI205', 'X', '242');
INSERT INTO CursoSeccion (Codigo_Curso, Letra_Seccion, Relativo) VALUES ('SI205', 'Y', '242');
INSERT INTO CursoSeccion (Codigo_Curso, Letra_Seccion, Relativo) VALUES ('SI207', 'U', '242');
INSERT INTO CursoSeccion (Codigo_Curso, Letra_Seccion, Relativo) VALUES ('SI207', 'V', '242');
INSERT INTO CursoSeccion (Codigo_Curso, Letra_Seccion, Relativo) VALUES ('SI301', 'U', '242');
INSERT INTO CursoSeccion (Codigo_Curso, Letra_Seccion, Relativo) VALUES ('SI301', 'V', '242');
INSERT INTO CursoSeccion (Codigo_Curso, Letra_Seccion, Relativo) VALUES ('SI301', 'W', '242');
INSERT INTO CursoSeccion (Codigo_Curso, Letra_Seccion, Relativo) VALUES ('SI302', 'U', '242');
INSERT INTO CursoSeccion (Codigo_Curso, Letra_Seccion, Relativo) VALUES ('SI302', 'V', '242');
INSERT INTO CursoSeccion (Codigo_Curso, Letra_Seccion, Relativo) VALUES ('SI302', 'W', '242');
INSERT INTO CursoSeccion (Codigo_Curso, Letra_Seccion, Relativo) VALUES ('SI302', 'X', '242');
INSERT INTO CursoSeccion (Codigo_Curso, Letra_Seccion, Relativo) VALUES ('SI401', 'U', '242');
INSERT INTO CursoSeccion (Codigo_Curso, Letra_Seccion, Relativo) VALUES ('SI401', 'V', '242');
INSERT INTO CursoSeccion (Codigo_Curso, Letra_Seccion, Relativo) VALUES ('SI401', 'W', '242');
INSERT INTO CursoSeccion (Codigo_Curso, Letra_Seccion, Relativo) VALUES ('SI403', 'U', '242');
INSERT INTO CursoSeccion (Codigo_Curso, Letra_Seccion, Relativo) VALUES ('SI403', 'V', '242');
INSERT INTO CursoSeccion (Codigo_Curso, Letra_Seccion, Relativo) VALUES ('SI405', 'U', '242');
INSERT INTO CursoSeccion (Codigo_Curso, Letra_Seccion, Relativo) VALUES ('SI405', 'V', '242');
INSERT INTO CursoSeccion (Codigo_Curso, Letra_Seccion, Relativo) VALUES ('SI405', 'W', '242');
INSERT INTO CursoSeccion (Codigo_Curso, Letra_Seccion, Relativo) VALUES ('SI501', 'U', '242');
INSERT INTO CursoSeccion (Codigo_Curso, Letra_Seccion, Relativo) VALUES ('SI501', 'V', '242');
INSERT INTO CursoSeccion (Codigo_Curso, Letra_Seccion, Relativo) VALUES ('SI501', 'W', '242');
INSERT INTO CursoSeccion (Codigo_Curso, Letra_Seccion, Relativo) VALUES ('SI501', 'X', '242');
INSERT INTO CursoSeccion (Codigo_Curso, Letra_Seccion, Relativo) VALUES ('SI503', 'U', '242');
INSERT INTO CursoSeccion (Codigo_Curso, Letra_Seccion, Relativo) VALUES ('SI503', 'V', '242');
INSERT INTO CursoSeccion (Codigo_Curso, Letra_Seccion, Relativo) VALUES ('SI503', 'W', '242');
INSERT INTO CursoSeccion (Codigo_Curso, Letra_Seccion, Relativo) VALUES ('SI503', 'X', '242');
INSERT INTO CursoSeccion (Codigo_Curso, Letra_Seccion, Relativo) VALUES ('SI505', 'U', '242');
INSERT INTO CursoSeccion (Codigo_Curso, Letra_Seccion, Relativo) VALUES ('SI505', 'V', '242');
INSERT INTO CursoSeccion (Codigo_Curso, Letra_Seccion, Relativo) VALUES ('SI601', 'U', '242');
INSERT INTO CursoSeccion (Codigo_Curso, Letra_Seccion, Relativo) VALUES ('SI601', 'V', '242');
INSERT INTO CursoSeccion (Codigo_Curso, Letra_Seccion, Relativo) VALUES ('SI601', 'W', '242');
INSERT INTO CursoSeccion (Codigo_Curso, Letra_Seccion, Relativo) VALUES ('SI602', 'U', '242');
INSERT INTO CursoSeccion (Codigo_Curso, Letra_Seccion, Relativo) VALUES ('SI602', 'V', '242');
INSERT INTO CursoSeccion (Codigo_Curso, Letra_Seccion, Relativo) VALUES ('SI603', 'U', '242');
INSERT INTO CursoSeccion (Codigo_Curso, Letra_Seccion, Relativo) VALUES ('SI603', 'V', '242');
INSERT INTO CursoSeccion (Codigo_Curso, Letra_Seccion, Relativo) VALUES ('SI604', 'U', '242');
INSERT INTO CursoSeccion (Codigo_Curso, Letra_Seccion, Relativo) VALUES ('SI604', 'V', '242');
INSERT INTO CursoSeccion (Codigo_Curso, Letra_Seccion, Relativo) VALUES ('SI605', 'U', '242');
INSERT INTO CursoSeccion (Codigo_Curso, Letra_Seccion, Relativo) VALUES ('SI605', 'V', '242');
INSERT INTO CursoSeccion (Codigo_Curso, Letra_Seccion, Relativo) VALUES ('SI607', 'U', '242');
INSERT INTO CursoSeccion (Codigo_Curso, Letra_Seccion, Relativo) VALUES ('SI607', 'V', '242');
INSERT INTO CursoSeccion (Codigo_Curso, Letra_Seccion, Relativo) VALUES ('SI701', 'U', '242');
INSERT INTO CursoSeccion (Codigo_Curso, Letra_Seccion, Relativo) VALUES ('SI701', 'V', '242');
INSERT INTO CursoSeccion (Codigo_Curso, Letra_Seccion, Relativo) VALUES ('SI701', 'W', '242');
INSERT INTO CursoSeccion (Codigo_Curso, Letra_Seccion, Relativo) VALUES ('SI702', 'U', '242');
INSERT INTO CursoSeccion (Codigo_Curso, Letra_Seccion, Relativo) VALUES ('SI702', 'V', '242');
INSERT INTO CursoSeccion (Codigo_Curso, Letra_Seccion, Relativo) VALUES ('SI704', 'U', '242');
INSERT INTO CursoSeccion (Codigo_Curso, Letra_Seccion, Relativo) VALUES ('SI704', 'V', '242');
INSERT INTO CursoSeccion (Codigo_Curso, Letra_Seccion, Relativo) VALUES ('SI705', 'U', '242');
INSERT INTO CursoSeccion (Codigo_Curso, Letra_Seccion, Relativo) VALUES ('SI707', 'U', '242');
INSERT INTO CursoSeccion (Codigo_Curso, Letra_Seccion, Relativo) VALUES ('SI707', 'V', '242');
INSERT INTO CursoSeccion (Codigo_Curso, Letra_Seccion, Relativo) VALUES ('SI801', 'U', '242');
INSERT INTO CursoSeccion (Codigo_Curso, Letra_Seccion, Relativo) VALUES ('SI801', 'V', '242');
INSERT INTO CursoSeccion (Codigo_Curso, Letra_Seccion, Relativo) VALUES ('SI805', 'U', '242');
INSERT INTO CursoSeccion (Codigo_Curso, Letra_Seccion, Relativo) VALUES ('SI805', 'V', '242');
INSERT INTO CursoSeccion (Codigo_Curso, Letra_Seccion, Relativo) VALUES ('SI806', 'U', '242');
INSERT INTO CursoSeccion (Codigo_Curso, Letra_Seccion, Relativo) VALUES ('SI806', 'V', '242');
INSERT INTO CursoSeccion (Codigo_Curso, Letra_Seccion, Relativo) VALUES ('SI807', 'U', '242');
INSERT INTO CursoSeccion (Codigo_Curso, Letra_Seccion, Relativo) VALUES ('SI901', 'U', '242');
INSERT INTO CursoSeccion (Codigo_Curso, Letra_Seccion, Relativo) VALUES ('SI901', 'V', '242');
INSERT INTO CursoSeccion (Codigo_Curso, Letra_Seccion, Relativo) VALUES ('SI901', 'W', '242');
INSERT INTO CursoSeccion (Codigo_Curso, Letra_Seccion, Relativo) VALUES ('SI901', 'X', '242');
INSERT INTO CursoSeccion (Codigo_Curso, Letra_Seccion, Relativo) VALUES ('SI902', 'U', '242');
INSERT INTO CursoSeccion (Codigo_Curso, Letra_Seccion, Relativo) VALUES ('SI903', 'U', '242');
INSERT INTO CursoSeccion (Codigo_Curso, Letra_Seccion, Relativo) VALUES ('SI904', 'U', '242');
INSERT INTO CursoSeccion (Codigo_Curso, Letra_Seccion, Relativo) VALUES ('ST114', 'U', '242');
INSERT INTO CursoSeccion (Codigo_Curso, Letra_Seccion, Relativo) VALUES ('ST124', 'W', '242');
INSERT INTO CursoSeccion (Codigo_Curso, Letra_Seccion, Relativo) VALUES ('ST205', 'U', '242');
INSERT INTO CursoSeccion (Codigo_Curso, Letra_Seccion, Relativo) VALUES ('ST215', 'U', '242');
INSERT INTO CursoSeccion (Codigo_Curso, Letra_Seccion, Relativo) VALUES ('ST224', 'U', '242');
INSERT INTO CursoSeccion (Codigo_Curso, Letra_Seccion, Relativo) VALUES ('ST235', 'U', '242');
INSERT INTO CursoSeccion (Codigo_Curso, Letra_Seccion, Relativo) VALUES ('ST236', 'U', '242');
INSERT INTO CursoSeccion (Codigo_Curso, Letra_Seccion, Relativo) VALUES ('ST236', 'V', '242');
INSERT INTO CursoSeccion (Codigo_Curso, Letra_Seccion, Relativo) VALUES ('ST274', 'U', '242');
INSERT INTO CursoSeccion (Codigo_Curso, Letra_Seccion, Relativo) VALUES ('ST275', 'U', '242');
INSERT INTO CursoSeccion (Codigo_Curso, Letra_Seccion, Relativo) VALUES ('ST285', 'U', '242');
INSERT INTO CursoSeccion (Codigo_Curso, Letra_Seccion, Relativo) VALUES ('ST285', 'V', '242');
INSERT INTO CursoSeccion (Codigo_Curso, Letra_Seccion, Relativo) VALUES ('ST295', 'U', '242');
INSERT INTO CursoSeccion (Codigo_Curso, Letra_Seccion, Relativo) VALUES ('ST295', 'V', '242');
INSERT INTO CursoSeccion (Codigo_Curso, Letra_Seccion, Relativo) VALUES ('ST295', 'X', '242');
INSERT INTO CursoSeccion (Codigo_Curso, Letra_Seccion, Relativo) VALUES ('ST702', 'V', '242');
INSERT INTO CursoSeccion (Codigo_Curso, Letra_Seccion, Relativo) VALUES ('SW101', 'U', '242');
INSERT INTO CursoSeccion (Codigo_Curso, Letra_Seccion, Relativo) VALUES ('SW101', 'V', '242');
INSERT INTO CursoSeccion (Codigo_Curso, Letra_Seccion, Relativo) VALUES ('SW301', 'U', '242');
INSERT INTO CursoSeccion (Codigo_Curso, Letra_Seccion, Relativo) VALUES ('SW303', 'U', '242');
INSERT INTO CursoSeccion (Codigo_Curso, Letra_Seccion, Relativo) VALUES ('SW305', 'U', '242');
INSERT INTO CursoSeccion (Codigo_Curso, Letra_Seccion, Relativo) VALUES ('TE101', 'U', '242');
INSERT INTO CursoSeccion (Codigo_Curso, Letra_Seccion, Relativo) VALUES ('TE101', 'V', '242');
INSERT INTO CursoSeccion (Codigo_Curso, Letra_Seccion, Relativo) VALUES ('TE101', 'W', '242');
INSERT INTO CursoSeccion (Codigo_Curso, Letra_Seccion, Relativo) VALUES ('TE101', 'X', '242');
INSERT INTO CursoSeccion (Codigo_Curso, Letra_Seccion, Relativo) VALUES ('TE111', 'U', '242');
INSERT INTO CursoSeccion (Codigo_Curso, Letra_Seccion, Relativo) VALUES ('TE111', 'V', '242');
INSERT INTO CursoSeccion (Codigo_Curso, Letra_Seccion, Relativo) VALUES ('TE121', 'U', '242');
INSERT INTO CursoSeccion (Codigo_Curso, Letra_Seccion, Relativo) VALUES ('TE122', 'U', '242');
INSERT INTO CursoSeccion (Codigo_Curso, Letra_Seccion, Relativo) VALUES ('TE124', 'U', '242');
INSERT INTO CursoSeccion (Codigo_Curso, Letra_Seccion, Relativo) VALUES ('TE126', 'U', '242');
INSERT INTO CursoSeccion (Codigo_Curso, Letra_Seccion, Relativo) VALUES ('TE205', 'U', '242');
INSERT INTO CursoSeccion (Codigo_Curso, Letra_Seccion, Relativo) VALUES ('TE301', 'U', '242');
INSERT INTO CursoSeccion (Codigo_Curso, Letra_Seccion, Relativo) VALUES ('TE301', 'V', '242');
INSERT INTO CursoSeccion (Codigo_Curso, Letra_Seccion, Relativo) VALUES ('TE302', 'U', '242');
INSERT INTO CursoSeccion (Codigo_Curso, Letra_Seccion, Relativo) VALUES ('TE302', 'V', '242');
INSERT INTO CursoSeccion (Codigo_Curso, Letra_Seccion, Relativo) VALUES ('TE302', 'W', '242');
INSERT INTO CursoSeccion (Codigo_Curso, Letra_Seccion, Relativo) VALUES ('TE401', 'U', '242');
INSERT INTO CursoSeccion (Codigo_Curso, Letra_Seccion, Relativo) VALUES ('TE401', 'V', '242');
INSERT INTO CursoSeccion (Codigo_Curso, Letra_Seccion, Relativo) VALUES ('TE401', 'W', '242');
INSERT INTO CursoSeccion (Codigo_Curso, Letra_Seccion, Relativo) VALUES ('TE501', 'U', '242');
INSERT INTO CursoSeccion (Codigo_Curso, Letra_Seccion, Relativo) VALUES ('TE501', 'V', '242');
INSERT INTO CursoSeccion (Codigo_Curso, Letra_Seccion, Relativo) VALUES ('TE501', 'W', '242');
INSERT INTO CursoSeccion (Codigo_Curso, Letra_Seccion, Relativo) VALUES ('TE503', 'U', '242');
INSERT INTO CursoSeccion (Codigo_Curso, Letra_Seccion, Relativo) VALUES ('TE503', 'V', '242');
INSERT INTO CursoSeccion (Codigo_Curso, Letra_Seccion, Relativo) VALUES ('TE503', 'W', '242');
INSERT INTO CursoSeccion (Codigo_Curso, Letra_Seccion, Relativo) VALUES ('TE601', 'U', '242');
INSERT INTO CursoSeccion (Codigo_Curso, Letra_Seccion, Relativo) VALUES ('TE601', 'V', '242');
INSERT INTO CursoSeccion (Codigo_Curso, Letra_Seccion, Relativo) VALUES ('TE601', 'W', '242');
INSERT INTO CursoSeccion (Codigo_Curso, Letra_Seccion, Relativo) VALUES ('TE602', 'U', '242');
INSERT INTO CursoSeccion (Codigo_Curso, Letra_Seccion, Relativo) VALUES ('TE602', 'V', '242');
INSERT INTO CursoSeccion (Codigo_Curso, Letra_Seccion, Relativo) VALUES ('TE602', 'W', '242');
INSERT INTO CursoSeccion (Codigo_Curso, Letra_Seccion, Relativo) VALUES ('TE603', 'U', '242');
INSERT INTO CursoSeccion (Codigo_Curso, Letra_Seccion, Relativo) VALUES ('TE603', 'V', '242');
INSERT INTO CursoSeccion (Codigo_Curso, Letra_Seccion, Relativo) VALUES ('TE604', 'U', '242');
INSERT INTO CursoSeccion (Codigo_Curso, Letra_Seccion, Relativo) VALUES ('TE604', 'V', '242');
INSERT INTO CursoSeccion (Codigo_Curso, Letra_Seccion, Relativo) VALUES ('TE701', 'U', '242');
INSERT INTO CursoSeccion (Codigo_Curso, Letra_Seccion, Relativo) VALUES ('TE701', 'V', '242');
INSERT INTO CursoSeccion (Codigo_Curso, Letra_Seccion, Relativo) VALUES ('TE801', 'U', '242');
INSERT INTO CursoSeccion (Codigo_Curso, Letra_Seccion, Relativo) VALUES ('TE801', 'V', '242');
INSERT INTO CursoSeccion (Codigo_Curso, Letra_Seccion, Relativo) VALUES ('TE801', 'W', '242');
INSERT INTO CursoSeccion (Codigo_Curso, Letra_Seccion, Relativo) VALUES ('TE802', 'U', '242');
INSERT INTO CursoSeccion (Codigo_Curso, Letra_Seccion, Relativo) VALUES ('TE802', 'V', '242');
INSERT INTO CursoSeccion (Codigo_Curso, Letra_Seccion, Relativo) VALUES ('TE803', 'U', '242');
INSERT INTO CursoSeccion (Codigo_Curso, Letra_Seccion, Relativo) VALUES ('TE803', 'V', '242');
INSERT INTO CursoSeccion (Codigo_Curso, Letra_Seccion, Relativo) VALUES ('TE901', 'V', '242');
INSERT INTO CursoSeccion (Codigo_Curso, Letra_Seccion, Relativo) VALUES ('TP254', 'U', '242');
INSERT INTO CursoSeccion (Codigo_Curso, Letra_Seccion, Relativo) VALUES ('TP505', 'U', '242');
INSERT INTO CursoSeccion (Codigo_Curso, Letra_Seccion, Relativo) VALUES ('XP200', 'U', '242');






